key,0,1,2,3,4
#,DaytimeID,NightID,BattleID,DaybreakID,TwilightID
int32,BGM,BGM,BGM,BGM,BGM
1000,"","","","",""
1001,"music/ffxiv/BGM_Null.scd","music/ffxiv/BGM_Null.scd","music/ffxiv/BGM_Null.scd","",""
1002,"music/ffxiv/BGM_Null.scd","music/ffxiv/BGM_Null.scd","music/ffxiv/BGM_Battle_Dungeon_01.scd","",""
1003,"music/ffxiv/BGM_Town_Gri_Day.scd","music/ffxiv/BGM_Town_Gri_Night.scd","music/ffxiv/BGM_Battle_Gri_01.scd","",""
1004,"music/ffxiv/BGM_Null.scd","music/ffxiv/BGM_Null.scd","music/ffxiv/BGM_Battle_Gri_01.scd","",""
1005,"music/ffxiv/BGM_Field_Gri_01.scd","music/ffxiv/BGM_Null.scd","music/ffxiv/BGM_Battle_Gri_01.scd","",""
1006,"music/ffxiv/BGM_Field_Gri_02.scd","music/ffxiv/BGM_Field_Gri_02.scd","music/ffxiv/BGM_Battle_Gri_01.scd","",""
1007,"music/ffxiv/BGM_Field_Gri_03.scd","music/ffxiv/BGM_Null.scd","music/ffxiv/BGM_Battle_Gri_01.scd","music/ffxiv/BGM_Field_Gri_01.scd",""
1008,"music/ffxiv/BGM_Field_Gri_04.scd","music/ffxiv/BGM_Null.scd","music/ffxiv/BGM_Battle_Gri_01.scd","",""
1009,"music/ffxiv/BGM_Field_Gri_05.scd","music/ffxiv/BGM_Field_Gri_05.scd","music/ffxiv/BGM_Battle_Gri_01.scd","",""
1010,"music/ffxiv/BGM_Field_Gri_06.scd","music/ffxiv/BGM_Null.scd","music/ffxiv/BGM_Battle_Gri_01.scd","",""
1011,"music/ffxiv/BGM_Field_Safe1.scd","music/ffxiv/BGM_Field_Safe1.scd","music/ffxiv/BGM_Battle_Gri_01.scd","",""
1012,"music/ffxiv/BGM_Field_Danger1.scd","music/ffxiv/BGM_Null.scd","music/ffxiv/BGM_Battle_Gri_01.scd","",""
1013,"music/ffxiv/BGM_Field_Danger2.scd","music/ffxiv/BGM_Null.scd","music/ffxiv/BGM_Battle_Gri_01.scd","",""
1014,"music/ffxiv/BGM_Field_Danger3.scd","music/ffxiv/BGM_Field_Danger3.scd","music/ffxiv/BGM_Battle_Gri_01.scd","",""
1015,"music/ffxiv/BGM_Dungeon_Gri_01.scd","music/ffxiv/BGM_Dungeon_Gri_01.scd","music/ffxiv/BGM_Battle_Dungeon_01.scd","",""
1016,"music/ffxiv/BGM_Dungeon_Gri_03.scd","music/ffxiv/BGM_Dungeon_Gri_03.scd","music/ffxiv/BGM_Battle_Dungeon_01.scd","",""
1017,"music/ffxiv/BGM_Dungeon_Gri_02.scd","music/ffxiv/BGM_Dungeon_Gri_02.scd","music/ffxiv/BGM_Battle_Dungeon_02.scd","",""
1018,"music/ffxiv/BGM_Dungeon_Gri_04.scd","music/ffxiv/BGM_Dungeon_Gri_04.scd","music/ffxiv/BGM_Battle_Dungeon_02.scd","",""
1019,"music/ffxiv/BGM_Dungeon_Gri_01.scd","music/ffxiv/BGM_Dungeon_Gri_01.scd","music/ffxiv/BGM_Boss_02.scd","",""
1020,"music/ffxiv/BGM_Town_Lim_Day.scd","music/ffxiv/BGM_Town_Lim_Night.scd","music/ffxiv/BGM_Battle_Lim_01.scd","",""
1021,"music/ffxiv/BGM_Null.scd","music/ffxiv/BGM_Null.scd","music/ffxiv/BGM_Battle_Lim_01.scd","",""
1022,"music/ffxiv/BGM_Field_Lim_01.scd","music/ffxiv/BGM_Null.scd","music/ffxiv/BGM_Battle_Lim_01.scd","",""
1023,"music/ffxiv/BGM_Field_Lim_02.scd","music/ffxiv/BGM_Null.scd","music/ffxiv/BGM_Battle_Lim_01.scd","music/ffxiv/BGM_Field_Lim_01.scd",""
1024,"music/ffxiv/BGM_Field_Lim_03.scd","music/ffxiv/BGM_Null.scd","music/ffxiv/BGM_Battle_Lim_01.scd","",""
1025,"music/ffxiv/BGM_Field_Lim_04.scd","music/ffxiv/BGM_Null.scd","music/ffxiv/BGM_Battle_Lim_01.scd","",""
1026,"music/ffxiv/BGM_Field_Lim_05.scd","music/ffxiv/BGM_Field_Lim_05.scd","music/ffxiv/BGM_Battle_Lim_01.scd","",""
1027,"music/ffxiv/BGM_Field_Lim_06.scd","music/ffxiv/BGM_Null.scd","music/ffxiv/BGM_Battle_Lim_01.scd","",""
1028,"music/ffxiv/BGM_Field_Safe1.scd","music/ffxiv/BGM_Field_Safe1.scd","music/ffxiv/BGM_Battle_Lim_01.scd","",""
1029,"music/ffxiv/BGM_Field_Danger1.scd","music/ffxiv/BGM_Null.scd","music/ffxiv/BGM_Battle_Lim_01.scd","",""
1030,"music/ffxiv/BGM_Field_Danger2.scd","music/ffxiv/BGM_Null.scd","music/ffxiv/BGM_Battle_Lim_01.scd","",""
1031,"music/ffxiv/BGM_Field_Danger3.scd","music/ffxiv/BGM_Field_Danger3.scd","music/ffxiv/BGM_Battle_Lim_01.scd","",""
1032,"music/ffxiv/BGM_Dungeon_Lim_01.scd","music/ffxiv/BGM_Dungeon_Lim_01.scd","music/ffxiv/BGM_Battle_Dungeon_01.scd","",""
1033,"music/ffxiv/BGM_Dungeon_Lim_02.scd","music/ffxiv/BGM_Dungeon_Lim_02.scd","music/ffxiv/BGM_Battle_Dungeon_02.scd","",""
1034,"music/ffxiv/BGM_Dungeon_Lim_03.scd","music/ffxiv/BGM_Dungeon_Lim_03.scd","music/ffxiv/BGM_Battle_Dungeon_02.scd","",""
1035,"music/ffxiv/BGM_Town_Uru_Day.scd","music/ffxiv/BGM_Town_Uru_Night.scd","music/ffxiv/BGM_Battle_Uru_01.scd","",""
1036,"music/ffxiv/BGM_Null.scd","music/ffxiv/BGM_Null.scd","music/ffxiv/BGM_Battle_Uru_01.scd","",""
1037,"music/ffxiv/BGM_Field_Uru_01.scd","music/ffxiv/BGM_Null.scd","music/ffxiv/BGM_Battle_Uru_01.scd","",""
1038,"music/ffxiv/BGM_Field_Uru_02.scd","music/ffxiv/BGM_Null.scd","music/ffxiv/BGM_Battle_Uru_01.scd","music/ffxiv/BGM_Field_Uru_01.scd",""
1039,"music/ffxiv/BGM_Field_Uru_03.scd","music/ffxiv/BGM_Null.scd","music/ffxiv/BGM_Battle_Uru_01.scd","",""
1040,"music/ffxiv/BGM_Field_Uru_04.scd","music/ffxiv/BGM_Field_Uru_04.scd","music/ffxiv/BGM_Battle_Uru_01.scd","",""
1041,"music/ffxiv/BGM_Field_Uru_05.scd","music/ffxiv/BGM_Null.scd","music/ffxiv/BGM_Battle_Uru_01.scd","",""
1042,"music/ffxiv/BGM_Field_Uru_06.scd","music/ffxiv/BGM_Null.scd","music/ffxiv/BGM_Battle_Uru_01.scd","",""
1043,"music/ffxiv/BGM_Field_Safe1.scd","music/ffxiv/BGM_Field_Safe1.scd","music/ffxiv/BGM_Battle_Uru_01.scd","",""
1044,"music/ffxiv/BGM_Field_Danger1.scd","music/ffxiv/BGM_Field_Danger1.scd","music/ffxiv/BGM_Battle_Uru_01.scd","",""
1045,"music/ffxiv/BGM_Field_Danger2.scd","music/ffxiv/BGM_Field_Danger2.scd","music/ffxiv/BGM_Battle_Uru_01.scd","",""
1046,"music/ffxiv/BGM_Field_Danger3.scd","music/ffxiv/BGM_Field_Danger3.scd","music/ffxiv/BGM_Battle_Uru_01.scd","",""
1047,"music/ffxiv/BGM_Dungeon_Uru_01.scd","music/ffxiv/BGM_Dungeon_Uru_01.scd","music/ffxiv/BGM_Battle_Dungeon_01.scd","",""
1048,"music/ffxiv/BGM_Dungeon_Uru_02.scd","music/ffxiv/BGM_Dungeon_Uru_02.scd","music/ffxiv/BGM_Battle_Dungeon_01.scd","",""
1049,"music/ffxiv/BGM_Dungeon_Uru_03.scd","music/ffxiv/BGM_Dungeon_Uru_03.scd","music/ffxiv/BGM_Battle_Dungeon_02.scd","",""
1050,"music/ffxiv/BGM_Dungeon_Uru_04.scd","music/ffxiv/BGM_Dungeon_Uru_04.scd","music/ffxiv/BGM_Battle_Dungeon_02.scd","",""
1051,"music/ffxiv/BGM_Field_Gri_05.scd","music/ffxiv/BGM_Null.scd","music/ffxiv/BGM_Battle_Gri_01.scd","",""
1052,"music/ffxiv/BGM_Company_Gri.scd","music/ffxiv/BGM_Company_Gri.scd","music/ffxiv/BGM_Battle_Gri_01.scd","",""
1053,"music/ffxiv/BGM_Company_Lim.scd","music/ffxiv/BGM_Company_Lim.scd","music/ffxiv/BGM_Battle_Lim_01.scd","",""
1054,"music/ffxiv/BGM_Company_Uru.scd","music/ffxiv/BGM_Company_Uru.scd","music/ffxiv/BGM_Battle_Uru_01.scd","",""
1055,"music/ffxiv/BGM_Field_Lim_07.scd","music/ffxiv/BGM_Field_Lim_07.scd","music/ffxiv/BGM_Battle_Lim_01.scd","",""
1056,"music/ffxiv/BGM_Field_Lim_08.scd","music/ffxiv/BGM_Field_Lim_08.scd","music/ffxiv/BGM_Battle_Lim_01.scd","",""
1057,"music/ffxiv/BGM_Field_Suna.scd","music/ffxiv/BGM_Field_Suna.scd","music/ffxiv/BGM_Battle_Uru_01.scd","",""
1058,"music/ffxiv/BGM_Event_Tanoshii1.scd","music/ffxiv/BGM_Event_Tanoshii2.scd","music/ffxiv/BGM_Event_MemoryOfCid.scd","",""
1059,"music/ffxiv/BGM_Null.scd","music/ffxiv/BGM_Null.scd","music/ffxiv/BGM_Battle_Lim_01.scd","",""
1060,"music/ffxiv/BGM_Null.scd","music/ffxiv/BGM_Null.scd","music/ffxiv/BGM_Battle_Uru_01.scd","",""
1061,"music/ffxiv/BGM_Null.scd","music/ffxiv/BGM_Null.scd","music/ffxiv/BGM_Battle_Gri_01.scd","",""
1062,"music/ffxiv/BGM_Null.scd","music/ffxiv/BGM_Null.scd","music/ffxiv/BGM_Battle_Ish_01.scd","",""
1063,"music/ffxiv/BGM_Null.scd","music/ffxiv/BGM_Null.scd","music/ffxiv/BGM_Battle_Mor_01.scd","",""
1064,"music/ffxiv/BGM_Field_Bar.scd","music/ffxiv/BGM_Field_Bar.scd","music/ffxiv/BGM_Battle_Lim_01.scd","",""
1065,"music/ffxiv/BGM_Field_Bar.scd","music/ffxiv/BGM_Field_Bar.scd","music/ffxiv/BGM_Battle_Uru_01.scd","",""
1066,"music/ffxiv/BGM_Field_Bar.scd","music/ffxiv/BGM_Field_Bar.scd","music/ffxiv/BGM_Battle_Gri_01.scd","",""
1067,"music/ffxiv/BGM_Field_Lim_Beach.scd","music/ffxiv/BGM_Field_Lim_Beach.scd","music/ffxiv/BGM_Battle_Lim_01.scd","",""
1068,"music/ffxiv/BGM_Field_Uru_06.scd","music/ffxiv/BGM_Null.scd","music/ffxiv/BGM_Battle_Lim_01.scd","",""
1069,"music/ffxiv/BGM_Dungeon_Ish_01.scd","music/ffxiv/BGM_Dungeon_Ish_01.scd","music/ffxiv/BGM_Battle_Dungeon_02.scd","",""
1070,"music/ffxiv/BGM_Dungeon_Ish_02.scd","music/ffxiv/BGM_Dungeon_Ish_02.scd","music/ffxiv/BGM_Battle_Dungeon_02.scd","",""
1071,"music/ffxiv/BGM_Dungeon_Ish_03.scd","music/ffxiv/BGM_Dungeon_Ish_03.scd","music/ffxiv/BGM_Battle_Dungeon_02.scd","",""
1072,"music/ffxiv/BGM_Null.scd","music/ffxiv/BGM_Null.scd","music/ffxiv/BGM_Battle_Ish_01.scd","",""
1073,"music/ffxiv/BGM_Null.scd","music/ffxiv/BGM_Null.scd","music/ffxiv/BGM_Battle_Mor_01.scd","",""
1074,"music/ffxiv/BGM_Field_Mor_01.scd","music/ffxiv/BGM_Null.scd","music/ffxiv/BGM_Battle_Mor_01.scd","",""
1075,"music/ffxiv/BGM_Field_Ish_01.scd","music/ffxiv/BGM_Null.scd","music/ffxiv/BGM_Battle_Ish_01.scd","",""
1076,"music/ffxiv/BGM_Field_BanFort_Sylph.scd","music/ffxiv/BGM_Field_BanFort_Sylph.scd","music/ffxiv/BGM_Field_BanFort_Sylph.scd","",""
1077,"music/ffxiv/BGM_Field_BanFort_Ixal.scd","music/ffxiv/BGM_Field_BanFort_Ixal.scd","music/ffxiv/BGM_Field_BanFort_Ixal.scd","",""
1078,"music/ffxiv/BGM_Field_BanFort_Kobold.scd","music/ffxiv/BGM_Field_BanFort_Kobold.scd","music/ffxiv/BGM_Field_BanFort_Kobold.scd","",""
1079,"music/ffxiv/BGM_Field_BanFort_Sahagin.scd","music/ffxiv/BGM_Field_BanFort_Sahagin.scd","music/ffxiv/BGM_Field_BanFort_Sahagin.scd","",""
1080,"music/ffxiv/BGM_Field_BanFort_Amaruja.scd","music/ffxiv/BGM_Field_BanFort_Amaruja.scd","music/ffxiv/BGM_Field_BanFort_Amaruja.scd","",""
1081,"music/ffxiv/BGM_Event_Keikaku.scd","music/ffxiv/BGM_Event_Keikaku.scd","music/ffxiv/BGM_Battle_Lim_01.scd","",""
1082,"music/ffxiv/BGM_Con_Teikoku_01_Sido.scd","music/ffxiv/BGM_Con_Teikoku_01_Sido.scd","music/ffxiv/BGM_Con_Teikoku_01_Sido.scd","",""
1083,"music/ffxiv/BGM_Field_Housing_Day.scd","music/ffxiv/BGM_Field_Housing_Night.scd","music/ffxiv/BGM_Battle_Lim_01.scd","",""
1084,"music/ffxiv/BGM_Field_Ish_02.scd","music/ffxiv/BGM_Field_Ish_02.scd","music/ffxiv/BGM_Battle_Ish_01.scd","",""
1085,"music/ffxiv/BGM_Field_Safe1.scd","music/ffxiv/BGM_Field_Safe1.scd","music/ffxiv/BGM_Battle_Ish_01.scd","",""
1086,"music/ffxiv/BGM_Field_Danger3.scd","music/ffxiv/BGM_Field_Danger3.scd","music/ffxiv/BGM_Battle_Ish_01.scd","",""
1087,"music/ffxiv/BGM_Field_Safe1.scd","music/ffxiv/BGM_Field_Safe1.scd","music/ffxiv/BGM_Battle_Mor_01.scd","",""
1088,"music/ffxiv/BGM_Field_Danger3.scd","music/ffxiv/BGM_Field_Danger3.scd","music/ffxiv/BGM_Battle_Mor_01.scd","",""
1089,"music/ffxiv/BGM_Con_Teikoku_01.scd","music/ffxiv/BGM_Con_Teikoku_01.scd","music/ffxiv/BGM_Con_Teikoku_01.scd","",""
1090,"music/ffxiv/BGM_Field_Ish_03.scd","music/ffxiv/BGM_Field_Ish_03.scd","music/ffxiv/BGM_Battle_Ish_01.scd","",""
1091,"music/ffxiv/BGM_Field_Mor_02.scd","music/ffxiv/BGM_Field_Mor_02.scd","music/ffxiv/BGM_Battle_Mor_01.scd","",""
1092,"music/ffxiv/BGM_Event_Fuan.scd","music/ffxiv/BGM_Event_Fuan.scd","music/ffxiv/BGM_Event_Fuan.scd","",""
1093,"music/ffxiv/BGM_Event_MemoryOfCid.scd","music/ffxiv/BGM_Event_MemoryOfCid.scd","music/ffxiv/BGM_Event_MemoryOfCid.scd","",""
1094,"music/ffxiv/BGM_Field_Mor_03.scd","music/ffxiv/BGM_Field_Mor_04.scd","music/ffxiv/BGM_Battle_Mor_01.scd","",""
1095,"music/ffxiv/BGM_Event_Keikaku.scd","music/ffxiv/BGM_Event_Keikaku.scd","music/ffxiv/BGM_Battle_Uru_01.scd","",""
1096,"music/ffxiv/BGM_Event_BattleOverture.scd","music/ffxiv/BGM_Event_BattleOverture.scd","music/ffxiv/BGM_Battle_Uru_01.scd","",""
1097,"music/ffxiv/BGM_Event_Keikaku.scd","music/ffxiv/BGM_Event_Keikaku.scd","music/ffxiv/BGM_Event_Keikaku.scd","",""
1098,"music/ffxiv/BGM_Event_BattleOverture.scd","music/ffxiv/BGM_Event_BattleOverture.scd","music/ffxiv/BGM_Battle_Lim_01.scd","",""
1099,"music/ffxiv/BGM_Event_Keikaku.scd","music/ffxiv/BGM_Event_Keikaku.scd","music/ffxiv/BGM_Battle_Lim_01.scd","",""
1100,"music/ffxiv/BGM_Town_Lim_Day.scd","music/ffxiv/BGM_Season_Halloween.scd","music/ffxiv/BGM_Battle_Lim_01.scd","",""
1101,"music/ffxiv/BGM_Town_Gri_Day.scd","music/ffxiv/BGM_Season_Halloween.scd","music/ffxiv/BGM_Battle_Gri_01.scd","",""
1102,"music/ffxiv/BGM_Town_Uru_Day.scd","music/ffxiv/BGM_Season_Halloween.scd","music/ffxiv/BGM_Battle_Uru_01.scd","",""
1103,"music/ffxiv/BGM_Season_Christmas.scd","music/ffxiv/BGM_Season_Christmas.scd","music/ffxiv/BGM_Battle_Lim_01.scd","",""
1104,"music/ffxiv/BGM_Season_Christmas.scd","music/ffxiv/BGM_Season_Christmas.scd","music/ffxiv/BGM_Battle_Gri_01.scd","",""
1105,"music/ffxiv/BGM_Season_Christmas.scd","music/ffxiv/BGM_Season_Christmas.scd","music/ffxiv/BGM_Battle_Uru_01.scd","",""
1106,"music/ffxiv/BGM_Event_Keikaku.scd","music/ffxiv/BGM_Event_Keikaku.scd","music/ffxiv/BGM_Battle_Lim_01.scd","",""
1107,"music/ffxiv/BGM_Event_Keikaku.scd","music/ffxiv/BGM_Event_Keikaku.scd","music/ffxiv/BGM_Battle_Gri_01.scd","",""
1108,"music/ffxiv/BGM_Event_Keikaku.scd","music/ffxiv/BGM_Event_Keikaku.scd","music/ffxiv/BGM_Battle_Uru_01.scd","",""
1109,"music/ffxiv/BGM_Field_Housing_Day.scd","music/ffxiv/BGM_Field_Housing_Night.scd","music/ffxiv/BGM_Battle_Uru_01.scd","",""
1110,"music/ffxiv/BGM_Field_Housing_Day.scd","music/ffxiv/BGM_Field_Housing_Night.scd","music/ffxiv/BGM_Battle_Gri_01.scd","",""
1111,"music/ffxiv/BGM_Con_Ascian.scd","music/ffxiv/BGM_Con_Ascian.scd","music/ffxiv/BGM_Con_Ascian.scd","",""
1112,"music/ffxiv/BGM_Field_BanColony_Sylph.scd","music/ffxiv/BGM_Field_BanColony_Sylph.scd","music/ffxiv/BGM_Battle_Gri_01.scd","",""
1113,"music/ffxiv/BGM_Field_BanColony_Amaruja.scd","music/ffxiv/BGM_Field_BanColony_Amaruja.scd","music/ffxiv/BGM_Battle_Uru_01.scd","",""
1114,"music/ffxiv/BGM_Field_Suna.scd","music/ffxiv/BGM_Field_Suna.scd","music/ffxiv/BGM_Battle_Mor_01.scd","",""
1115,"music/ffxiv/BGM_Dungeon_Lim_04.scd","music/ffxiv/BGM_Dungeon_Lim_04.scd","music/ffxiv/BGM_Dungeon_Lim_04.scd","",""
1116,"music/ffxiv/BGM_Field_Bar.scd","music/ffxiv/BGM_Field_Bar.scd","music/ffxiv/BGM_Battle_Mor_01.scd","",""
1117,"music/ffxiv/BGM_Season_Easter.scd","music/ffxiv/BGM_Season_Easter.scd","music/ffxiv/BGM_Battle_Lim_01.scd","",""
1118,"music/ffxiv/BGM_Season_Easter.scd","music/ffxiv/BGM_Season_Easter.scd","music/ffxiv/BGM_Battle_Gri_01.scd","",""
1119,"music/ffxiv/BGM_Season_Easter.scd","music/ffxiv/BGM_Season_Easter.scd","music/ffxiv/BGM_Battle_Uru_01.scd","",""
1120,"music/ffxiv/BGM_Dungeon_Gri_05.scd","music/ffxiv/BGM_Dungeon_Gri_05.scd","music/ffxiv/BGM_Dungeon_Gri_05.scd","",""
1121,"music/ffxiv/BGM_Field_BanColony_Kobold.scd","music/ffxiv/BGM_Field_BanColony_Kobold.scd","music/ffxiv/BGM_Battle_Lim_01.scd","",""
1122,"music/ffxiv/BGM_Field_BanColony_Sahagin.scd","music/ffxiv/BGM_Field_BanColony_Sahagin.scd","music/ffxiv/BGM_Battle_Lim_01.scd","",""
1123,"music/ffxiv/BGM_Dungeon_Uru_05.scd","music/ffxiv/BGM_Dungeon_Uru_05.scd","music/ffxiv/BGM_Dungeon_Uru_05.scd","",""
1124,"music/ffxiv/BGM_Season_China01.scd","music/ffxiv/BGM_Season_China01.scd","music/ffxiv/BGM_Battle_Lim_01.scd","",""
1125,"music/ffxiv/BGM_Season_China01.scd","music/ffxiv/BGM_Season_China01.scd","music/ffxiv/BGM_Battle_Gri_01.scd","",""
1126,"music/ffxiv/BGM_Season_China01.scd","music/ffxiv/BGM_Season_China01.scd","music/ffxiv/BGM_Battle_Uru_01.scd","",""
1127,"music/ffxiv/BGM_Season_SummerFes.scd","music/ffxiv/BGM_Season_SummerFes.scd","music/ffxiv/BGM_Battle_Lim_01.scd","",""
1128,"music/ffxiv/BGM_Season_SummerFes.scd","music/ffxiv/BGM_Season_SummerFes.scd","music/ffxiv/BGM_Battle_Gri_01.scd","",""
1129,"music/ffxiv/BGM_Season_SummerFes.scd","music/ffxiv/BGM_Season_SummerFes.scd","music/ffxiv/BGM_Battle_Uru_01.scd","",""
1130,"music/ffxiv/BGM_Field_BanColony_Ixal.scd","music/ffxiv/BGM_Field_BanColony_Ixal.scd","music/ffxiv/BGM_Battle_Gri_01.scd","",""
1131,"music/ffxiv/BGM_Season_Answers.scd","music/ffxiv/BGM_Season_Answers.scd","music/ffxiv/BGM_Battle_Lim_01.scd","",""
1132,"music/ffxiv/BGM_Season_Answers.scd","music/ffxiv/BGM_Season_Answers.scd","music/ffxiv/BGM_Battle_Gri_01.scd","",""
1133,"music/ffxiv/BGM_Season_Answers.scd","music/ffxiv/BGM_Season_Answers.scd","music/ffxiv/BGM_Battle_Uru_01.scd","",""
1134,"music/ffxiv/BGM_Season_Halloween.scd","music/ffxiv/BGM_Season_Halloween.scd","music/ffxiv/BGM_Battle_Lim_01.scd","",""
1135,"music/ffxiv/BGM_Season_Halloween.scd","music/ffxiv/BGM_Season_Halloween.scd","music/ffxiv/BGM_Battle_Gri_01.scd","",""
1136,"music/ffxiv/BGM_Season_Halloween.scd","music/ffxiv/BGM_Season_Halloween.scd","music/ffxiv/BGM_Season_Halloween.scd","",""
1137,"music/ffxiv/BGM_Town_Uru_Day.scd","music/ffxiv/BGM_Town_Uru_Night.scd","music/ffxiv/BGM_Season_Halloween.scd","",""
1138,"music/ffxiv/BGM_Field_Lim_Ninja.scd","music/ffxiv/BGM_Field_Lim_Ninja.scd","music/ffxiv/BGM_Battle_Lim_01.scd","",""
1139,"music/ffxiv/BGM_Season_NewYear.scd","music/ffxiv/BGM_Season_NewYear.scd","music/ffxiv/BGM_Battle_Lim_01.scd","",""
1140,"music/ffxiv/BGM_Season_NewYear.scd","music/ffxiv/BGM_Season_NewYear.scd","music/ffxiv/BGM_Battle_Gri_01.scd","",""
1141,"music/ffxiv/BGM_Season_NewYear.scd","music/ffxiv/BGM_Season_NewYear.scd","music/ffxiv/BGM_Battle_Uru_01.scd","",""
1142,"music/ffxiv/BGM_System_Chara.scd","music/ffxiv/BGM_System_Chara.scd","music/ffxiv/BGM_System_Chara.scd","",""
1143,"music/ffxiv/BGM_GlodSaucer_Lobby.scd","music/ffxiv/BGM_GlodSaucer_Lobby.scd","music/ffxiv/BGM_GlodSaucer_Lobby.scd","",""
1144,"music/ffxiv/BGM_Event_Ascian.scd","music/ffxiv/BGM_Event_Ascian.scd","music/ffxiv/BGM_Battle_Mor_01.scd","",""
1145,"music/ffxiv/BGM_Event_Tanoshii1.scd","music/ffxiv/BGM_Event_Tanoshii1.scd","music/ffxiv/BGM_Battle_Lim_01.scd","",""
1146,"music/ffxiv/BGM_Event_Tanoshii1.scd","music/ffxiv/BGM_Event_Tanoshii1.scd","music/ffxiv/BGM_Battle_Gri_01.scd","",""
1147,"music/ffxiv/BGM_Event_Tanoshii1.scd","music/ffxiv/BGM_Event_Tanoshii1.scd","music/ffxiv/BGM_Battle_Uru_01.scd","",""
1148,"music/ex1/BGM_EX1_Town_Ish01_Day.scd","music/ex1/BGM_EX1_Town_Ish01_Night.scd","music/ex1/BGM_EX1_Battle_IshSebu_01.scd","",""
1149,"music/ex1/BGM_EX1_Town_Ish02_Day.scd","music/ex1/BGM_EX1_Town_Ish02_Night.scd","music/ex1/BGM_EX1_Battle_IshSebu_01.scd","",""
1150,"music/ex1/BGM_EX1_Field_IshSebu02.scd","music/ex1/BGM_EX1_Field_IshSebu03.scd","music/ex1/BGM_EX1_Battle_IshSebu_01.scd","",""
1151,"music/ex1/BGM_EX1_Field_DravaniaH02.scd","music/ex1/BGM_EX1_Field_DravaniaH03.scd","music/ex1/BGM_EX1_Battle_DravaniaH_01.scd","",""
1152,"music/ex1/BGM_EX1_Field_DravaniaL02.scd","music/ex1/BGM_EX1_Field_DravaniaL03.scd","music/ex1/BGM_EX1_Battle_DravaniaL_01.scd","",""
1153,"music/ex1/BGM_EX1_Field_DravaniaC02.scd","music/ex1/BGM_EX1_Field_DravaniaC03.scd","music/ex1/BGM_EX1_Battle_DravaniaC_01.scd","",""
1154,"music/ex1/BGM_EX1_Field_Abaracia02.scd","music/ex1/BGM_EX1_Field_Abaracia03.scd","music/ex1/BGM_EX1_Battle_Abaracia_01.scd","",""
1155,"music/ex1/BGM_EX1_Field_MagicC02.scd","music/ex1/BGM_EX1_Field_MagicC02.scd","music/ex1/BGM_EX1_Field_MagicC02.scd","",""
1156,"music/ex1/BGM_EX1_Field_Safe1.scd","music/ex1/BGM_EX1_Field_Safe1.scd","music/ex1/BGM_EX1_Battle_IshSebu_01.scd","",""
1157,"music/ex1/BGM_EX1_Field_Safe1.scd","music/ex1/BGM_EX1_Field_Safe1.scd","music/ex1/BGM_EX1_Battle_DravaniaH_01.scd","",""
1158,"music/ex1/BGM_EX1_Field_Safe2.scd","music/ex1/BGM_EX1_Field_Safe2.scd","music/ex1/BGM_EX1_Battle_DravaniaH_01.scd","",""
1159,"music/ex1/BGM_EX1_Field_Safe2.scd","music/ex1/BGM_EX1_Field_Safe2.scd","music/ex1/BGM_EX1_Battle_DravaniaL_01.scd","",""
1160,"music/ex1/BGM_EX1_Field_Safe2.scd","music/ex1/BGM_EX1_Field_Safe2.scd","music/ex1/BGM_EX1_Battle_DravaniaC_01.scd","",""
1161,"music/ex1/BGM_EX1_Field_Safe1.scd","music/ex1/BGM_EX1_Field_Safe1.scd","music/ex1/BGM_EX1_Battle_Abaracia_01.scd","",""
1162,"music/ex1/BGM_EX1_Field_Safe2.scd","music/ex1/BGM_EX1_Field_Safe2.scd","music/ex1/BGM_EX1_Battle_Abaracia_01.scd","",""
1163,"music/ex1/BGM_EX1_Field_Safe2.scd","music/ex1/BGM_EX1_Field_Safe2.scd","music/ex1/BGM_EX1_Battle_MagicC_01.scd","",""
1164,"music/ffxiv/BGM_Field_Suna.scd","music/ffxiv/BGM_Field_Suna.scd","music/ex1/BGM_EX1_Battle_IshSebu_01.scd","",""
1165,"music/ffxiv/BGM_Dungeon_Mor_02.scd","music/ffxiv/BGM_Dungeon_Mor_02.scd","music/ex1/BGM_EX1_Battle_MagicC_01.scd","",""
1166,"music/ex1/BGM_EX1_Event_IshDragonHead.scd","music/ex1/BGM_EX1_Event_IshDragonHead.scd","music/ex1/BGM_EX1_Battle_IshSebu_01.scd","",""
1167,"music/ex1/BGM_EX1_Rest_Sharean.scd","music/ex1/BGM_EX1_Rest_Sharean_Night.scd","music/ex1/BGM_EX1_Battle_DravaniaL_01.scd","",""
1168,"music/ex1/BGM_EX1_Rest_Matoya.scd","music/ex1/BGM_EX1_Rest_Matoya.scd","music/ex1/BGM_EX1_Battle_DravaniaL_01.scd","",""
1169,"music/ex1/BGM_EX1_Event_DragonWar.scd","music/ex1/BGM_EX1_Event_DragonWar.scd","music/ex1/BGM_EX1_Battle_DravaniaC_01.scd","",""
1170,"music/ex1/BGM_EX1_Null.scd","music/ex1/BGM_EX1_Null.scd","music/ex1/BGM_EX1_Battle_DravaniaH_01.scd","",""
1171,"music/ffxiv/BGM_Event_Sad2.scd","music/ffxiv/BGM_Event_Sad2.scd","music/ex1/BGM_EX1_Battle_IshSebu_01.scd","",""
1172,"music/ex1/BGM_EX1_Dungeon_Kyoko.scd","music/ex1/BGM_EX1_Dungeon_Kyoko.scd","music/ex1/BGM_EX1_Dungeon_Kyoko.scd","",""
1173,"music/ex1/BGM_EX1_Dungeon_Kyoko_2.scd","music/ex1/BGM_EX1_Dungeon_Kyoko_2.scd","music/ex1/BGM_EX1_Dungeon_Kyoko_2.scd","",""
1174,"music/ex1/BGM_EX1_Dungeon_Kyoko_3.scd","music/ex1/BGM_EX1_Dungeon_Kyoko_3.scd","music/ex1/BGM_EX1_Dungeon_Kyoko_3.scd","",""
1175,"music/ex1/BGM_EX1_BanFort_Banu_Bad.scd","music/ex1/BGM_EX1_BanFort_Banu_Bad.scd","music/ex1/BGM_EX1_BanFort_Banu_Bad.scd","",""
1176,"music/ex1/BGM_EX1_BanFort_Banu_Good.scd","music/ex1/BGM_EX1_BanFort_Banu_Good.scd","music/ex1/BGM_EX1_Battle_Abaracia_01.scd","",""
1177,"music/ex1/BGM_EX1_Sorashima_Field.scd","music/ex1/BGM_EX1_Sorashima_Field.scd","music/ex1/BGM_EX1_Sorashima_Battle.scd","",""
1178,"music/ffxiv/BGM_Event_Nego.scd","music/ffxiv/BGM_Event_Nego.scd","music/ffxiv/BGM_Battle_Lim_01.scd","",""
1179,"music/ffxiv/BGM_Event_Nego.scd","music/ffxiv/BGM_Event_Nego.scd","music/ffxiv/BGM_Battle_Gri_01.scd","",""
1180,"music/ffxiv/BGM_Event_Nego.scd","music/ffxiv/BGM_Event_Nego.scd","music/ffxiv/BGM_Battle_Uru_01.scd","",""
1181,"music/ffxiv/BGM_Season_VT.scd","music/ffxiv/BGM_Season_VT.scd","music/ffxiv/BGM_Battle_Lim_01.scd","",""
1182,"music/ffxiv/BGM_Season_VT.scd","music/ffxiv/BGM_Season_VT.scd","music/ffxiv/BGM_Battle_Gri_01.scd","",""
1183,"music/ffxiv/BGM_Season_VT.scd","music/ffxiv/BGM_Season_VT.scd","music/ffxiv/BGM_Battle_Uru_01.scd","",""
1184,"music/ex1/BGM_EX1_BanFort_Gunasu_Bad.scd","music/ex1/BGM_EX1_BanFort_Gunasu_Bad.scd","music/ex1/BGM_EX1_BanFort_Gunasu_Bad.scd","",""
1185,"music/ex1/BGM_EX1_BanFort_Gunasu_Good.scd","music/ex1/BGM_EX1_BanFort_Gunasu_Good.scd","music/ex1/BGM_EX1_BanFort_Gunasu_Good.scd","",""
1186,"music/ffxiv/BGM_Minigame_Puzzle.scd","music/ffxiv/BGM_Minigame_Puzzle.scd","music/ffxiv/BGM_Battle_Lim_01.scd","",""
1187,"music/ffxiv/BGM_GlodSaucer_Lobby.scd","music/ffxiv/BGM_GlodSaucer_Lobby.scd","music/ffxiv/BGM_Battle_Lim_01.scd","",""
1188,"music/ffxiv/BGM_GlodSaucer_Lobby.scd","music/ffxiv/BGM_GlodSaucer_Lobby.scd","music/ffxiv/BGM_Battle_Gri_01.scd","",""
1189,"music/ffxiv/BGM_GlodSaucer_Lobby.scd","music/ffxiv/BGM_GlodSaucer_Lobby.scd","music/ffxiv/BGM_Battle_Uru_01.scd","",""
1190,"music/ffxiv/BGM_Event_CrystalHarpOnly.scd","music/ffxiv/BGM_Event_CrystalHarpOnly.scd","music/ffxiv/BGM_Battle_Lim_01.scd","",""
1191,"music/ffxiv/BGM_Event_CrystalHarpOnly.scd","music/ffxiv/BGM_Event_CrystalHarpOnly.scd","music/ffxiv/BGM_Battle_Gri_01.scd","",""
1192,"music/ffxiv/BGM_Event_CrystalHarpOnly.scd","music/ffxiv/BGM_Event_CrystalHarpOnly.scd","music/ffxiv/BGM_Battle_Uru_01.scd","",""
1193,"music/ex1/BGM_EX1_Event_Moogle.scd","music/ex1/BGM_EX1_Event_Moogle.scd","music/ex1/BGM_EX1_Battle_DravaniaC_01.scd","",""
1194,"music/ex1/BGM_EX1_Event_Nidhogg_01.scd","music/ex1/BGM_EX1_Event_Nidhogg_01.scd","music/ex1/BGM_EX1_Event_Nidhogg_01.scd","",""
1195,"music/ex1/BGM_EX1_Field_SkyPirates.scd","music/ex1/BGM_EX1_Field_SkyPirates.scd","music/ex1/BGM_EX1_Field_SkyPirates.scd","",""
1196,"music/ffxiv/BGM_Dungeon_Deep01.scd","music/ffxiv/BGM_Dungeon_Deep01.scd","music/ffxiv/BGM_Dungeon_Deep01.scd","",""
1197,"music/ffxiv/BGM_Dungeon_Deep02.scd","music/ffxiv/BGM_Dungeon_Deep02.scd","music/ffxiv/BGM_Dungeon_Deep02.scd","",""
1198,"music/ffxiv/BGM_Dungeon_Deep03.scd","music/ffxiv/BGM_Dungeon_Deep03.scd","music/ffxiv/BGM_Dungeon_Deep03.scd","",""
1199,"music/ffxiv/BGM_Event_DarknessLullaby.scd","music/ffxiv/BGM_Event_DarknessLullaby.scd","music/ffxiv/BGM_Event_DarknessLullaby.scd","",""
1200,"music/ffxiv/BGM_Dungeon_Deep00.scd","music/ffxiv/BGM_Dungeon_Deep00.scd","music/ffxiv/BGM_Dungeon_Deep00.scd","",""
1201,"music/ex1/BGM_EX1_Deep01.scd","music/ex1/BGM_EX1_Deep01.scd","music/ex1/BGM_EX1_Deep01.scd","",""
1202,"music/ex2/BGM_EX2_Town_R_Day.scd","music/ex2/BGM_EX2_Town_R_Night.scd","music/ex2/BGM_EX2_Field_G_Battle.scd","",""
1203,"music/ex2/BGM_EX2_Town_K_Day.scd","music/ex2/BGM_EX2_Town_K_Night.scd","music/ex2/BGM_EX2_Field_Kohgyoku_Battle.scd","",""
1204,"music/ex2/BGM_EX2_Field_G_Day.scd","music/ex2/BGM_EX2_Field_G_Night.scd","music/ex2/BGM_EX2_Field_G_Battle.scd","",""
1205,"music/ex2/BGM_EX2_Field_G_mountain_Day.scd","music/ex2/BGM_EX2_Field_G_mountain_Night.scd","music/ex2/BGM_EX2_Field_G_mountain_Battle.scd","",""
1206,"music/ex2/BGM_EX2_Field_G_Lake_Day.scd","music/ex2/BGM_EX2_Field_G_Lake_Night.scd","music/ex2/BGM_EX2_Field_G_Lake_Battle.scd","",""
1207,"music/ex2/BGM_EX2_Field_Kohgyoku_Day.scd","music/ex2/BGM_EX2_Field_Kohgyoku_Night.scd","music/ex2/BGM_EX2_Field_Kohgyoku_Battle.scd","",""
1208,"music/ex2/BGM_EX2_Field_Yansa_Day.scd","music/ex2/BGM_EX2_Field_Yansa_Night.scd","music/ex2/BGM_EX2_Field_Yansa_Battle.scd","",""
1209,"music/ex2/BGM_EX2_Field_A_Day.scd","music/ex2/BGM_EX2_Field_A_Night.scd","music/ex2/BGM_EX2_Field_A_Battle.scd","",""
1210,"music/ffxiv/BGM_Null.scd","music/ffxiv/BGM_Null.scd","music/ex2/BGM_EX2_Field_G_Battle.scd","",""
1211,"music/ex2/BGM_EX2_Field_G_Lake_Day.scd","music/ex2/BGM_EX2_Field_G_Lake_Night.scd","music/ex2/BGM_EX2_Field_G_Lake_Battle.scd","",""
1212,"music/ffxiv/BGM_Field_Suna.scd","music/ffxiv/BGM_Field_Suna.scd","music/ex2/BGM_EX2_Field_Kohgyoku_Battle.scd","",""
1213,"music/ffxiv/BGM_Field_Housing_Day.scd","music/ffxiv/BGM_Field_Housing_Night.scd","music/ffxiv/BGM_Field_G_Battle.scd","",""
1214,"music/ffxiv/BGM_Field_Lim_Ninja.scd","music/ffxiv/BGM_Field_Lim_Ninja.scd","music/ex2/BGM_EX2_Field_Yansa_Battle.scd","",""
1215,"music/ex2/BGM_EX2_Event_07.scd","music/ex2/BGM_EX2_Event_07.scd","music/ex2/BGM_EX2_Field_Yansa_Battle.scd","",""
1216,"music/ffxiv/BGM_Null.scd","music/ffxiv/BGM_Null.scd","music/ffxiv/BGM_Null.scd","",""
1217,"music/ex2/BGM_EX2_Field_Safe_01.scd","music/ex2/BGM_EX2_Field_Safe_01.scd","music/ex2/BGM_EX2_Field_G_Battle.scd","",""
1218,"music/ex2/BGM_EX2_Field_Safe_02.scd","music/ex2/BGM_EX2_Field_Safe_02.scd","music/ex2/BGM_EX2_Field_G_Battle.scd","",""
1219,"music/ex2/BGM_EX2_Field_Safe_01.scd","music/ex2/BGM_EX2_Field_Safe_01.scd","music/ex2/BGM_EX2_Field_G_mountain_Battle.scd","",""
1220,"music/ex2/BGM_EX2_Field_Safe_02.scd","music/ex2/BGM_EX2_Field_Safe_02.scd","music/ex2/BGM_EX2_Field_G_mountain_Battle.scd","",""
1221,"music/ex2/BGM_EX2_Field_Safe_01.scd","music/ex2/BGM_EX2_Field_Safe_01.scd","music/ex2/BGM_EX2_Field_G_Lake_Battle.scd","",""
1222,"music/ex2/BGM_EX2_Field_G_Lake_Day.scd","music/ex2/BGM_EX2_Field_G_Lake_Day.scd","music/ex2/BGM_EX2_Field_G_Lake_Battle.scd","",""
1223,"music/ex2/BGM_EX2_Field_Safe_01.scd","music/ex2/BGM_EX2_Field_Safe_01.scd","music/ex2/BGM_EX2_Field_Kohgyoku_Battle.scd","",""
1224,"music/ex2/BGM_EX2_Field_Safe_03.scd","music/ex2/BGM_EX2_Field_Safe_03.scd","music/ex2/BGM_EX2_Field_Kohgyoku_Battle.scd","",""
1225,"music/ex2/BGM_EX2_Field_Safe_01.scd","music/ex2/BGM_EX2_Field_Safe_01.scd","music/ex2/BGM_EX2_Field_Yansa_Battle.scd","",""
1226,"music/ex2/BGM_EX2_Field_Safe_03.scd","music/ex2/BGM_EX2_Field_Safe_03.scd","music/ex2/BGM_EX2_Field_Yansa_Battle.scd","",""
1227,"music/ex2/BGM_EX2_Field_Safe_01.scd","music/ex2/BGM_EX2_Field_Safe_01.scd","music/ex2/BGM_EX2_Field_A_Battle.scd","",""
1228,"music/ex2/BGM_EX2_Field_Safe_03.scd","music/ex2/BGM_EX2_Field_Safe_03.scd","music/ex2/BGM_EX2_Field_A_Battle.scd","",""
1229,"music/ffxiv/BGM_Null.scd","music/ffxiv/BGM_Null.scd","music/ex2/BGM_EX2_Field_G_Battle.scd","",""
1230,"music/ffxiv/BGM_Null.scd","music/ffxiv/BGM_Null.scd","music/ex2/BGM_EX2_Field_G_Battle.scd","",""
1231,"music/ffxiv/BGM_Null.scd","music/ffxiv/BGM_Null.scd","music/ex2/BGM_EX2_Field_G_Lake_Battle.scd","",""
1232,"music/ex2/BGM_EX2_Town_R_Sad.scd","music/ex2/BGM_EX2_Town_R_Sad.scd","music/ex2/BGM_EX2_Town_R_Sad.scd","",""
1233,"music/ex2/BGM_EX2_BanFort_Koujin_Bad.scd","music/ex2/BGM_EX2_BanFort_Koujin_Bad.scd","music/ex2/BGM_EX2_BanFort_Koujin_Bad.scd","",""
1234,"music/ex2/BGM_EX2_Field_Safe_02.scd","music/ex2/BGM_EX2_Field_Safe_02.scd","music/ex2/BGM_EX2_Field_G_Battle.scd","",""
1235,"music/ex2/BGM_EX2_BanFort_Kojin_Good.scd","music/ex2/BGM_EX2_BanFort_Kojin_Good.scd","music/ex2/BGM_EX2_Field_Kohgyoku_Battle.scd","",""
1236,"music/ex2/BGM_EX2_Field_Safe_02.scd","music/ex2/BGM_EX2_Field_Safe_02.scd","music/ex2/BGM_EX2_Field_G_Battle.scd","",""
1237,"music/ffxiv/BGM_Season_Halloween.scd","music/ffxiv/BGM_Season_Halloween.scd","music/ffxiv/BGM_Field_G_Battle.scd","",""
1238,"music/ffxiv/BGM_Season_Christmas.scd","music/ffxiv/BGM_Season_Christmas.scd","music/ffxiv/BGM_Field_G_Battle.scd","",""
1239,"music/ffxiv/BGM_Event_Keikaku.scd","music/ffxiv/BGM_Event_Keikaku.scd","music/ffxiv/BGM_Field_G_Battle.scd","",""
1240,"music/ffxiv/BGM_Season_China01.scd","music/ffxiv/BGM_Season_China01.scd","music/ffxiv/BGM_Field_G_Battle.scd","",""
1241,"music/ffxiv/BGM_Season_NewYear.scd","music/ffxiv/BGM_Season_NewYear.scd","music/ffxiv/BGM_Field_G_Battle.scd","",""
1242,"music/ex2/BGM_EX2_BanFort_Ananta_Good.scd","music/ex2/BGM_EX2_BanFort_Ananta_Good.scd","music/ex2/BGM_EX2_Field_G_Battle.scd","",""
1243,"music/ffxiv/BGM_Field_Safe2.scd","music/ffxiv/BGM_Field_Safe2.scd","music/ex2/BGM_EX2_EU_Field.scd","",""
1244,"music/ffxiv/BGM_Season_Easter.scd","music/ffxiv/BGM_Season_Easter.scd","music/ffxiv/BGM_Field_G_Battle.scd","",""
1245,"music/ffxiv/BGM_Season_VT.scd","music/ffxiv/BGM_Season_VT.scd","music/ffxiv/BGM_Field_G_Battle.scd","",""
1246,"music/ffxiv/BGM_Event_Nego.scd","music/ffxiv/BGM_Event_Nego.scd","music/ffxiv/BGM_Field_G_Battle.scd","",""
1247,"music/ex2/BGM_EX2_Field_Safe_02.scd","music/ex2/BGM_EX2_Field_Safe_02.scd","music/ex2/BGM_EX2_Field_G_Battle.scd","",""
1248,"music/ex2/BGM_EX2_BanFort_Namazuo_Good.scd","music/ex2/BGM_EX2_BanFort_Namazuo_Good.scd","music/ex2/BGM_EX2_Field_A_Battle.scd","",""
1249,"music/ex2/BGM_EX2_Rti_11.scd","music/ex2/BGM_EX2_Rti_11.scd","music/ex2/BGM_EX2_Field_Kohgyoku_Battle.scd","",""
1250,"music/ffxiv/BGM_Town_K_Day.scd","music/ffxiv/BGM_Town_K_Night.scd","music/ffxiv/BGM_Field_G_Battle.scd","",""
1251,"music/ffxiv/BGM_GlodSaucer_Lobby.scd","music/ffxiv/BGM_GlodSaucer_Lobby.scd","music/ffxiv/BGM_Field_G_Battle.scd","",""
1252,"music/ffxiv/BGM_Season_SummerFes.scd","music/ffxiv/BGM_Season_SummerFes.scd","music/ffxiv/BGM_Field_G_Battle.scd","",""
1253,"music/ffxiv/BGM_Event_CrystalHarpOnly.scd","music/ffxiv/BGM_Event_CrystalHarpOnly.scd","music/ffxiv/BGM_Field_G_Battle.scd","",""
1254,"music/ex2/BGM_EX2_Event_37.scd","music/ex2/BGM_EX2_Event_37.scd","music/ex2/BGM_EX2_Field_Kohgyoku_Battle.scd","",""
1255,"music/ex2/BGM_EX2_Ban_03_1.scd","music/ex2/BGM_EX2_Ban_03_1.scd","music/ex2/BGM_EX2_Field_G_Battle.scd","",""
1256,"music/ex2/BGM_EX2_Event_35.scd","music/ex2/BGM_EX2_Event_35.scd","music/ex2/BGM_EX2_Field_G_Lake_Battle.scd","",""
1257,"music/ex2/BGM_EX2_Rti_23.scd","music/ex2/BGM_EX2_Rti_23.scd","music/ex2/BGM_EX2_Field_Kohgyoku_Battle.scd","",""
1258,"music/ex3/BGM_EX3_Town_Y_Day.scd","music/ex3/BGM_EX3_Town_Y_Night.scd","music/ex3/BGM_EX3_Field_Kor_Battle.scd","",""
1259,"music/ex3/BGM_EX3_Town_C_Day.scd","music/ex3/BGM_EX3_Town_C_Night.scd","music/ex3/BGM_EX3_Field_Lak_Battle.scd","",""
1260,"music/ex3/BGM_EX3_Field_Lak_Day.scd","music/ex3/BGM_EX3_Field_Lak_Night.scd","music/ex3/BGM_EX3_Field_Lak_Battle.scd","",""
1261,"music/ex3/BGM_EX3_Field_Kor_Day.scd","music/ex3/BGM_EX3_Field_Kor_Night.scd","music/ex3/BGM_EX3_Field_Kor_Battle.scd","",""
1262,"music/ex3/BGM_EX3_Field_Ama_Day.scd","music/ex3/BGM_EX3_Field_Ama_Night.scd","music/ex3/BGM_EX3_Field_Ama_Battle.scd","",""
1263,"music/ex3/BGM_EX3_Field_Ilm_Day.scd","music/ex3/BGM_EX3_Field_Ilm_Night.scd","music/ex3/BGM_EX3_Field_Ilm_Battle.scd","",""
1264,"music/ex3/BGM_EX3_Field_Rak_Day.scd","music/ex3/BGM_EX3_Field_Rak_Night.scd","music/ex3/BGM_EX3_Field_Rak_Battle.scd","",""
1265,"music/ex3/BGM_EX3_Field_Tem_Day.scd","music/ex3/BGM_EX3_Field_Tem_Day.scd","music/ex3/BGM_EX3_Field_Tem_Day.scd","",""
1266,"music/ex3/BGM_EX3_Field_Safe_01.scd","music/ex3/BGM_EX3_Field_Safe_01.scd","music/ex3/BGM_EX3_Field_Kor_Battle.scd","",""
1267,"music/ex3/BGM_EX3_Field_Safe_02.scd","music/ex3/BGM_EX3_Field_Safe_02.scd","music/ex3/BGM_EX3_Field_Kor_Battle.scd","",""
1268,"music/ex3/BGM_EX3_Field_Safe_03.scd","music/ex3/BGM_EX3_Field_Safe_03.scd","music/ex3/BGM_EX3_Field_Ama_Battle.scd","",""
1269,"music/ex3/BGM_EX3_Field_Safe_02.scd","music/ex3/BGM_EX3_Field_Safe_02.scd","music/ex3/BGM_EX3_Field_Ama_Battle.scd","",""
1270,"music/ex3/BGM_EX3_Field_Safe_01.scd","music/ex3/BGM_EX3_Field_Safe_01.scd","music/ex3/BGM_EX3_Field_Ilm_Battle.scd","",""
1271,"music/ex3/BGM_EX3_Field_Safe_02.scd","music/ex3/BGM_EX3_Field_Safe_02.scd","music/ex3/BGM_EX3_Field_Ilm_Battle.scd","",""
1272,"music/ffxiv/BGM_Field_Suna.scd","music/ffxiv/BGM_Field_Suna.scd","music/ex3/BGM_EX3_Field_Ilm_Battle.scd","",""
1273,"music/ffxiv/BGM_Event_StartGri.scd","music/ffxiv/BGM_Event_StartGri.scd","music/ex3/BGM_EX3_Field_Rak_Battle.scd","",""
1274,"music/ffxiv/BGM_Null.scd","music/ffxiv/BGM_Null.scd","music/ex3/BGM_EX3_Field_Rak_Battle.scd","",""
1275,"music/ex3/BGM_EX3_Field_Safe_02.scd","music/ex3/BGM_EX3_Field_Safe_02.scd","music/ex3/BGM_EX3_Field_Tem_Day.scd","",""
1276,"music/ex3/BGM_EX3_Field_Tem_Night.scd","music/ex3/BGM_EX3_Field_Tem_Night.scd","music/ex3/BGM_EX3_Field_Tem_Night.scd","",""
1277,"music/ffxiv/BGM_Field_Safe2.scd","music/ffxiv/BGM_Field_Safe2.scd","music/ex3/BGM_EX3_Field_Tem_Day.scd","",""
1278,"music/ex3/BGM_EX3_Field_Safe_02.scd","music/ex3/BGM_EX3_Field_Safe_02.scd","music/ex3/BGM_EX3_Field_Kor_Battle.scd","",""
1279,"music/ex3/BGM_EX3_Event_10.scd","music/ex3/BGM_EX3_Event_10.scd","music/ex3/BGM_EX3_Field_Lak_Battle.scd","",""
1280,"music/ex2/BGM_EX2_Event_31.scd","music/ex2/BGM_EX2_Event_31.scd","music/ex3/BGM_EX3_Field_Lak_Battle.scd","",""
1281,"music/ffxiv/BGM_Event_UneDoga.scd","music/ffxiv/BGM_Event_UneDoga.scd","music/ex3/BGM_EX3_Field_Lak_Battle.scd","",""
1282,"music/ffxiv/BGM_Town_Rest_01.scd","music/ffxiv/BGM_Town_Rest_01.scd","music/ex3/BGM_EX3_Field_Lak_Battle.scd","",""
1283,"music/ffxiv/BGM_Null.scd","music/ffxiv/BGM_Null.scd","music/ffxiv/BGM_Null.scd","",""
1284,"music/ex3/BGM_EX3_Ban_03.scd","music/ex3/BGM_EX3_Ban_03.scd","music/ex3/BGM_EX3_Field_Tem_Night.scd","",""
1285,"music/ex3/BGM_EX3_Raid_01.scd","music/ex3/BGM_EX3_Raid_01.scd","music/ex3/BGM_EX3_Field_Ama_Battle.scd","",""
1286,"music/ex2/BGM_EX2_Event_31.scd","music/ex2/BGM_EX2_Event_31.scd","music/ex3/BGM_EX3_Field_Ama_Battle.scd","",""
1287,"music/ex3/BGM_EX3_Field_Lak_Day.scd","music/ex3/BGM_EX3_Field_Lak_Day.scd","music/ex3/BGM_EX3_Field_Lak_Battle.scd","",""
1288,"music/ex3/BGM_EX3_Field_Kor_Day2.scd","music/ex3/BGM_EX3_Field_Kor_Day2.scd","music/ex3/BGM_EX3_Field_Kor_Battle.scd","",""
1289,"music/ex3/BGM_EX3_Field_Ama_Day.scd","music/ex3/BGM_EX3_Field_Ama_Day.scd","music/ex3/BGM_EX3_Field_Ama_Battle.scd","",""
1290,"music/ex3/BGM_EX3_Field_Ilm_Day.scd","music/ex3/BGM_EX3_Field_Ilm_Day.scd","music/ex3/BGM_EX3_Field_Ilm_Battle.scd","",""
1291,"music/ex3/BGM_EX3_Field_Rak_Day.scd","music/ex3/BGM_EX3_Field_Rak_Day.scd","music/ex3/BGM_EX3_Field_Rak_Battle.scd","",""
1292,"music/ex3/BGM_EX3_Field_Tem_Day.scd","music/ex3/BGM_EX3_Field_Tem_Day.scd","music/ex3/BGM_EX3_Field_Tem_Day.scd","",""
1293,"music/ex3/BGM_EX3_Field_Safe_03.scd","music/ex3/BGM_EX3_Field_Safe_03.scd","music/ex3/BGM_EX3_Field_Kor_Battle.scd","",""
1294,"music/ex2/BGM_EX2_BanFort_Koujin_Bad.scd","music/ex2/BGM_EX2_BanFort_Koujin_Bad.scd","music/ex2/BGM_EX2_BanFort_Koujin_Bad.scd","",""
1295,"music/ffxiv/BGM_Season_Halloween.scd","music/ffxiv/BGM_Season_Halloween.scd","music/ffxiv/BGM_Battle_Uru_01.scd","",""
1296,"music/ex2/BGM_EX2_Event_31.scd","music/ex2/BGM_EX2_Event_31.scd","music/ex3/BGM_EX3_Field_Ilm_Battle.scd","",""
1297,"music/ex3/BGM_EX3_BanFort_Fairy_Good.scd","music/ex3/BGM_EX3_BanFort_Fairy_Good.scd","music/ex3/BGM_EX3_Field_Ilm_Battle.scd","",""
1298,"music/ex1/BGM_EX1_Hukko_Finish01.scd","music/ex1/BGM_EX1_Hukko_Finish01.scd","music/ex1/BGM_EX1_Battle_IshSebu_01.scd","",""
1299,"music/ex3/BGM_EX3_BanFort_kkrn_Good.scd","music/ex3/BGM_EX3_BanFort_kkrn_Good.scd","music/ex3/BGM_EX3_Field_Rak_Battle.scd","",""
1300,"music/ex3/BGM_EX3_BanFort_Dwarf_Good.scd","music/ex3/BGM_EX3_BanFort_Dwarf_Good.scd","music/ex3/BGM_EX3_Field_Lak_Battle.scd","",""
1301,"music/ex2/BGM_EX2_BanFort_Koujin_Bad.scd","music/ex2/BGM_EX2_BanFort_Koujin_Bad.scd","music/ex3/BGM_EX3_Field_Kor_Battle.scd","",""
1302,"music/ex2/BGM_EX2_BanFort_Koujin_Bad.scd","music/ex2/BGM_EX2_BanFort_Koujin_Bad.scd","music/ex3/BGM_EX3_Field_Lak_Battle.scd","",""
1303,"music/ex3/BGM_EX3_Field_Lak_Day.scd","music/ex3/BGM_EX3_Field_Lak_Day.scd","music/ex3/BGM_EX3_Field_Lak_Battle.scd","",""
1304,"music/ex3/BGM_EX3_Field_Kor_Day.scd","music/ex3/BGM_EX3_Field_Kor_Day.scd","music/ex3/BGM_EX3_Field_Kor_Battle.scd","",""
1305,"music/ex3/BGM_EX3_Field_Ama_Day.scd","music/ex3/BGM_EX3_Field_Ama_Day.scd","music/ex3/BGM_EX3_Field_Ama_Battle.scd","",""
1306,"music/ex3/BGM_EX3_Field_Ilm_Day.scd","music/ex3/BGM_EX3_Field_Ilm_Day.scd","music/ex3/BGM_EX3_Field_Ilm_Battle.scd","",""
1307,"music/ex3/BGM_EX3_Field_Rak_Day.scd","music/ex3/BGM_EX3_Field_Rak_Day.scd","music/ex3/BGM_EX3_Field_Rak_Battle.scd","",""
1308,"music/ex3/BGM_EX3_Event_09.scd","music/ex3/BGM_EX3_Event_09.scd","music/ex3/BGM_EX3_Field_Lak_Battle.scd","",""
1309,"music/ex3/BGM_EX3_Event_10.scd","music/ex3/BGM_EX3_Event_10.scd","music/ex3/BGM_EX3_Event_10.scd","",""
1310,"music/ffxiv/BGM_Season_Answers.scd","music/ffxiv/BGM_Season_Answers.scd","music/ffxiv/BGM_Field_G_Battle.scd","",""
1311,"music/ffxiv/BGM_Field_Housing_Day.scd","music/ffxiv/BGM_Field_Housing_Night.scd","music/ffxiv/BGM_Battle_Ish_01.scd","",""
1312,"music/ex1/BGM_EX1_Town_Ish02_Day.scd","music/ex1/BGM_EX1_Town_Ish02_Night.scd","music/ffxiv/BGM_Battle_Ish_01.scd","",""
1313,"music/ffxiv/BGM_Null.scd","music/ffxiv/BGM_Null.scd","music/ffxiv/BGM_Null.scd","",""
1314,"music/ex4/BGM_EX4_Town_O_Day.scd","music/ex4/BGM_EX4_Town_O_Night.scd","music/ex4/BGM_EX4_Field_Lab_Battle.scd","",""
1315,"music/ex4/BGM_EX4_Town_O_Room.scd","music/ex4/BGM_EX4_Town_O_Room.scd","music/ex4/BGM_EX4_Town_O_Room.scd","",""
1316,"music/ex4/BGM_EX4_Town_R_Day2.scd","music/ex4/BGM_EX4_Town_R_Day2.scd","music/ex4/BGM_EX4_Field_Thav_Battle.scd","",""
1317,"music/ex4/BGM_EX4_Town_R_Day.scd","music/ex4/BGM_EX4_Town_R_Night.scd","music/ex4/BGM_EX4_Field_Thav_Battle.scd","",""
1318,"music/ex4/BGM_EX4_Field_Lab_Day.scd","music/ex4/BGM_EX4_Field_Lab_Night.scd","music/ex4/BGM_EX4_Field_Lab_Battle.scd","",""
1319,"music/ex4/BGM_EX4_Field_Lab_Sakasa.scd","music/ex4/BGM_EX4_Field_Lab_Sakasa.scd","music/ex4/BGM_EX4_Field_Lab_Battle.scd","",""
1320,"music/ffxiv/BGM_Event_Protector.scd","music/ffxiv/BGM_Event_Protector.scd","music/ffxiv/BGM_Event_Protector.scd","",""
1321,"music/ex4/BGM_EX4_Field_Thav_Day.scd","music/ex4/BGM_EX4_Field_Thav_Night.scd","music/ex4/BGM_EX4_Field_Thav_Battle.scd","",""
1322,"music/ex4/BGM_EX4_Dan_D03.scd","music/ex4/BGM_EX4_Dan_D03.scd","music/ex4/BGM_EX4_Dan_D03.scd","",""
1323,"music/ex4/BGM_EX4_Field_Safe01.scd","music/ex4/BGM_EX4_Field_Safe01.scd","music/ex4/BGM_EX4_Field_Thav_Battle.scd","",""
1324,"music/ex2/BGM_EX2_Event_35.scd","music/ex2/BGM_EX2_Event_35.scd","music/ex2/BGM_EX2_Event_35.scd","",""
1325,"music/ex4/BGM_EX4_Field_Gar_Day.scd","music/ex4/BGM_EX4_Field_Gar_Night.scd","music/ex4/BGM_EX4_Field_Gar_Battle.scd","",""
1326,"music/ex4/BGM_EX4_Field_Safe01.scd","music/ex4/BGM_EX4_Field_Safe01.scd","music/ex4/BGM_EX4_Field_Gar_Battle.scd","",""
1327,"music/ex2/BGM_EX2_Event_36.scd","music/ex2/BGM_EX2_Event_36.scd","music/ex2/BGM_EX2_Event_36.scd","",""
1328,"music/ex4/BGM_EX4_Field_Elp_Day.scd","music/ex4/BGM_EX4_Field_Elp_Night.scd","music/ex4/BGM_EX4_Field_Elp_Battle.scd","",""
1329,"music/ex4/BGM_EX4_Field_Safe01.scd","music/ex4/BGM_EX4_Field_Safe01.scd","music/ex4/BGM_EX4_Field_Elp_Battle.scd","",""
1330,"music/ex4/BGM_EX4_Field_Lab_Doc.scd","music/ex4/BGM_EX4_Field_Lab_Doc.scd","music/ex4/BGM_EX4_Field_Lab_Battle.scd","",""
1331,"music/ex4/BGM_EX4_Field_Mar_Day.scd","music/ex4/BGM_EX4_Field_Mar_Day.scd","music/ex4/BGM_EX4_Field_Mar_Day.scd","",""
1332,"music/ex3/BGM_EX3_Event_08.scd","music/ex3/BGM_EX3_Event_08.scd","music/ex3/BGM_EX3_Event_08.scd","",""
1333,"music/ex4/BGM_EX4_Event_12.scd","music/ex4/BGM_EX4_Event_12.scd","music/ex4/BGM_EX4_Event_12.scd","",""
1334,"music/ex4/BGM_EX4_Field_Safe02.scd","music/ex4/BGM_EX4_Field_Safe02.scd","music/ex4/BGM_EX4_Field_Mar_Lep_battle.scd","",""
1335,"music/ex4/BGM_EX4_Field_Ult_Day01.scd","music/ex4/BGM_EX4_Field_Ult_Day01.scd","music/ex4/BGM_EX4_Field_Ult_Day01.scd","",""
1336,"music/ex4/BGM_EX4_Field_Ult_Day02.scd","music/ex4/BGM_EX4_Field_Ult_Day02.scd","music/ex4/BGM_EX4_Field_Ult_Day02.scd","",""
1337,"music/ex4/BGM_EX4_Field_Ult_Day03.scd","music/ex4/BGM_EX4_Field_Ult_Day03.scd","music/ex4/BGM_EX4_Field_Ult_Day03.scd","",""
1338,"music/ex3/BGM_EX3_Field_Welrit.scd","music/ex3/BGM_EX3_Field_Welrit.scd","music/ex4/BGM_EX4_Field_Gar_Battle.scd","",""
1339,"music/ffxiv/BGM_Event_Gendaishi.scd","music/ffxiv/BGM_Event_Gendaishi.scd","music/ffxiv/BGM_Event_Gendaishi.scd","",""
1340,"music/ex4/BGM_EX4_Field_Lab_Ten.scd","music/ex4/BGM_EX4_Field_Lab_Ten.scd","music/ex4/BGM_EX4_Field_Lab_Ten.scd","",""
1341,"music/ffxiv/BGM_Event_Keikaku.scd","music/ffxiv/BGM_Event_Keikaku.scd","music/ffxiv/BGM_Battle_Ish_01.scd","",""
1342,"music/ffxiv/BGM_Season_China01.scd","music/ffxiv/BGM_Season_China01.scd","music/ffxiv/BGM_Battle_Ish_01.scd","",""
1343,"music/ffxiv/BGM_Season_NewYear.scd","music/ffxiv/BGM_Season_NewYear.scd","music/ffxiv/BGM_Battle_Ish_01.scd","",""
1344,"music/ffxiv/BGM_Season_Easter.scd","music/ffxiv/BGM_Season_Easter.scd","music/ffxiv/BGM_Battle_Ish_01.scd","",""
1345,"music/ffxiv/BGM_Season_SummerFes.scd","music/ffxiv/BGM_Season_SummerFes.scd","music/ffxiv/BGM_Battle_Ish_01.scd","",""
1346,"music/ffxiv/BGM_Season_Answers.scd","music/ffxiv/BGM_Season_Answers.scd","music/ffxiv/BGM_Battle_Ish_01.scd","",""
1347,"music/ffxiv/BGM_GlodSaucer_Lobby.scd","music/ffxiv/BGM_GlodSaucer_Lobby.scd","music/ffxiv/BGM_Battle_Ish_01.scd","",""
1348,"music/ex4/BGM_EX4_BanFort_Ark_Good.scd","music/ex4/BGM_EX4_BanFort_Ark_Good.scd","music/ex4/BGM_EX4_Field_Thav_Battle.scd","",""
1349,"music/ffxiv/BGM_Season_Halloween.scd","music/ffxiv/BGM_Season_Halloween.scd","music/ffxiv/BGM_Battle_Ish_01.scd","",""
1350,"music/ffxiv/BGM_Season_Christmas.scd","music/ffxiv/BGM_Season_Christmas.scd","music/ffxiv/BGM_Battle_Ish_01.scd","",""
1351,"music/ffxiv/BGM_Season_VT.scd","music/ffxiv/BGM_Season_VT.scd","music/ffxiv/BGM_Battle_Ish_01.scd","",""
1352,"music/ffxiv/BGM_Event_Nego.scd","music/ffxiv/BGM_Event_Nego.scd","music/ffxiv/BGM_Battle_Ish_01.scd","",""
1353,"music/ffxiv/BGM_Event_CrystalHarpOnly.scd","music/ffxiv/BGM_Event_CrystalHarpOnly.scd","music/ffxiv/BGM_Battle_Ish_01.scd","",""
1354,"music/ffxiv/BGM_MJI_01.scd","music/ffxiv/BGM_MJI_01.scd","music/ffxiv/BGM_MJI_01.scd","",""
1355,"music/ffxiv/BGM_MJI_02.scd","music/ffxiv/BGM_MJI_02.scd","music/ffxiv/BGM_MJI_02.scd","",""
