key,0,1
#,,ENpcDressUpDress
int32,byte,ENpcDressUpDress
0,0,"ENpcDressUpDress#0"
1,2,"ENpcDressUpDress#1"
2,0,"ENpcDressUpDress#0"
3,2,"ENpcDressUpDress#2"
4,2,"ENpcDressUpDress#3"
5,2,"ENpcDressUpDress#4"
6,2,"ENpcDressUpDress#5"
7,2,"ENpcDressUpDress#6"
8,2,"ENpcDressUpDress#7"
9,2,"ENpcDressUpDress#8"
10,2,"ENpcDressUpDress#9"
11,2,"ENpcDressUpDress#10"
12,2,"ENpcDressUpDress#11"
13,2,"ENpcDressUpDress#12"
14,2,"ENpcDressUpDress#13"
15,2,"ENpcDressUpDress#14"
16,2,"ENpcDressUpDress#15"
17,2,"ENpcDressUpDress#16"
18,2,"ENpcDressUpDress#17"
19,2,"ENpcDressUpDress#18"
20,2,"ENpcDressUpDress#19"
21,2,"ENpcDressUpDress#20"
22,2,"ENpcDressUpDress#21"
23,2,"ENpcDressUpDress#22"
24,2,"ENpcDressUpDress#23"
25,2,"ENpcDressUpDress#24"
26,2,"ENpcDressUpDress#25"
27,2,"ENpcDressUpDress#26"
28,2,"ENpcDressUpDress#27"
29,2,"ENpcDressUpDress#28"
30,2,"ENpcDressUpDress#29"
31,2,"ENpcDressUpDress#30"
32,2,"ENpcDressUpDress#31"
33,2,"ENpcDressUpDress#32"
34,2,"ENpcDressUpDress#33"
35,2,"ENpcDressUpDress#34"
36,2,"ENpcDressUpDress#35"
37,2,"ENpcDressUpDress#36"
38,2,"ENpcDressUpDress#37"
39,2,"ENpcDressUpDress#38"
40,2,"ENpcDressUpDress#39"
41,2,"ENpcDressUpDress#40"
42,2,"ENpcDressUpDress#41"
43,2,"ENpcDressUpDress#42"
44,2,"ENpcDressUpDress#43"
45,2,"ENpcDressUpDress#44"
46,2,"ENpcDressUpDress#45"
47,2,"ENpcDressUpDress#46"
48,2,"ENpcDressUpDress#47"
49,2,"ENpcDressUpDress#48"
50,2,"ENpcDressUpDress#49"
51,2,"ENpcDressUpDress#50"
52,2,"ENpcDressUpDress#51"
53,2,"ENpcDressUpDress#52"
54,2,"ENpcDressUpDress#53"
55,2,"ENpcDressUpDress#54"
56,2,"ENpcDressUpDress#55"
57,2,"ENpcDressUpDress#56"
58,2,"ENpcDressUpDress#57"
59,2,"ENpcDressUpDress#58"
60,2,"ENpcDressUpDress#59"
61,2,"ENpcDressUpDress#60"
62,2,"ENpcDressUpDress#61"
63,2,"ENpcDressUpDress#62"
64,2,"ENpcDressUpDress#63"
65,2,"ENpcDressUpDress#64"
66,2,"ENpcDressUpDress#65"
67,2,"ENpcDressUpDress#66"
68,2,"ENpcDressUpDress#67"
69,2,"ENpcDressUpDress#68"
70,2,"ENpcDressUpDress#69"
71,2,"ENpcDressUpDress#70"
72,2,"ENpcDressUpDress#71"
73,2,"ENpcDressUpDress#72"
74,2,"ENpcDressUpDress#73"
75,2,"ENpcDressUpDress#74"
76,2,"ENpcDressUpDress#75"
77,2,"ENpcDressUpDress#76"
78,2,"ENpcDressUpDress#77"
79,2,"ENpcDressUpDress#78"
80,2,"ENpcDressUpDress#79"
81,2,"ENpcDressUpDress#80"
82,2,"ENpcDressUpDress#81"
83,2,"ENpcDressUpDress#82"
84,2,"ENpcDressUpDress#83"
85,2,"ENpcDressUpDress#84"
86,2,"ENpcDressUpDress#85"
87,2,"ENpcDressUpDress#86"
88,2,"ENpcDressUpDress#87"
89,2,"ENpcDressUpDress#88"
90,2,"ENpcDressUpDress#89"
91,2,"ENpcDressUpDress#90"
92,2,"ENpcDressUpDress#91"
93,2,"ENpcDressUpDress#92"
94,2,"ENpcDressUpDress#93"
95,2,"ENpcDressUpDress#94"
96,2,"ENpcDressUpDress#95"
97,2,"ENpcDressUpDress#96"
98,2,"ENpcDressUpDress#97"
99,2,"ENpcDressUpDress#98"
100,2,"ENpcDressUpDress#99"
101,2,"ENpcDressUpDress#100"
102,2,"ENpcDressUpDress#101"
103,2,"ENpcDressUpDress#102"
104,2,"ENpcDressUpDress#103"
105,2,"ENpcDressUpDress#104"
106,2,"ENpcDressUpDress#105"
107,2,"ENpcDressUpDress#106"
108,2,"ENpcDressUpDress#107"
109,2,"ENpcDressUpDress#108"
110,2,"ENpcDressUpDress#109"
111,2,"ENpcDressUpDress#110"
112,2,"ENpcDressUpDress#111"
113,2,"ENpcDressUpDress#112"
114,2,"ENpcDressUpDress#113"
115,2,"ENpcDressUpDress#114"
116,2,"ENpcDressUpDress#115"
117,2,"ENpcDressUpDress#116"
118,2,"ENpcDressUpDress#117"
119,2,"ENpcDressUpDress#118"
120,2,"ENpcDressUpDress#119"
121,2,"ENpcDressUpDress#120"
122,2,"ENpcDressUpDress#121"
123,2,"ENpcDressUpDress#122"
124,2,"ENpcDressUpDress#123"
125,2,"ENpcDressUpDress#124"
126,2,"ENpcDressUpDress#125"
127,2,"ENpcDressUpDress#126"
128,2,"ENpcDressUpDress#127"
129,2,"ENpcDressUpDress#128"
130,2,"ENpcDressUpDress#129"
131,2,"ENpcDressUpDress#130"
132,2,"ENpcDressUpDress#131"
133,2,"ENpcDressUpDress#132"
134,2,"ENpcDressUpDress#133"
135,2,"ENpcDressUpDress#134"
136,2,"ENpcDressUpDress#135"
137,2,"ENpcDressUpDress#136"
138,2,"ENpcDressUpDress#137"
139,2,"ENpcDressUpDress#138"
140,2,"ENpcDressUpDress#139"
141,2,"ENpcDressUpDress#140"
142,2,"ENpcDressUpDress#141"
143,2,"ENpcDressUpDress#142"
144,2,"ENpcDressUpDress#143"
145,2,"ENpcDressUpDress#144"
146,3,"ENpcDressUpDress#145"
