key,0
#,Description
int32,str
0,""
1,"ＶＩＴが8上昇する。"
2,"ＶＩＴが16上昇する。"
3,"ＶＩＴが24上昇する。"
4,"ＶＩＴが8上昇する。"
5,"ＶＩＴが16上昇する。"
6,"ＶＩＴが24上昇する。"
7,"ＳＴＲが8上昇する。"
8,"ＳＴＲが16上昇する。"
9,"ＳＴＲが24上昇する。"
10,"疾風迅雷が2つまでスタックするようになる。"
11,"疾風迅雷が3つまでスタックするようになる。"
12,"ＳＴＲが8上昇する。"
13,"ＳＴＲが16上昇する。"
14,"ＳＴＲが24上昇する。"
15,"ＤＥＸが8上昇する。"
16,"ＤＥＸが16上昇する。"
17,"自身に<UIForeground>F201F4</UIForeground><UIGlow>F201F5</UIGlow>「ストレートショット実行可」<UIGlow>01</UIGlow><UIForeground>01</UIForeground>を付与する。
<UIForeground>F201F8</UIForeground><UIGlow>F201F9</UIGlow>効果時間：<UIGlow>01</UIGlow><UIForeground>01</UIForeground>30秒
<UIForeground>F201F8</UIForeground><UIGlow>F201F9</UIGlow>発動条件：<UIGlow>01</UIGlow><UIForeground>01</UIForeground>ヘヴィショット実行時（発動確率20％）"
18,"自身のオートアタックを除くアクションによるダメージをベースダメージの1.1倍にする。"
19,"ＤＥＸが24上昇する。"
20,"自身のオートアタックを除くアクションによるダメージをベースダメージの1.2倍にする。"
21,"ＭＮＤが8上昇する。"
22,"ＭＮＤが16上昇する。"
23,"自身のオートアタックを除くアクションによる、ダメージと回復量をベース値の1.1倍にする。"
24,"ＭＮＤが24上昇する。"
25,"次に詠唱するケアルラの消費ＭＰを0にする。
<UIForeground>F201F8</UIForeground><UIGlow>F201F9</UIGlow>効果時間：<UIGlow>01</UIGlow><UIForeground>01</UIForeground>15秒
<UIForeground>F201F8</UIForeground><UIGlow>F201F9</UIGlow>発動条件：<UIGlow>01</UIGlow><UIForeground>01</UIForeground>ケアル実行時（発動確率15％）"
26,"自身のオートアタックを除くアクションによる、ダメージと回復量をベース値の1.3倍にする。"
27,"ＩＮＴが8上昇する。"
28,"ＩＮＴが16上昇する。"
29,"自身のオートアタックを除くアクションによる、ダメージと回復量をベース値の1.1倍にする。"
30,"ＩＮＴが24上昇する。"
31,"自身のオートアタックを除くアクションによる、ダメージと回復量をベース値の1.3倍にする。"
32,"次に詠唱するファイガの詠唱時間と消費ＭＰを0にする。
<UIForeground>F201F8</UIForeground><UIGlow>F201F9</UIGlow>効果時間：<UIGlow>01</UIGlow><UIForeground>01</UIForeground>30秒
<UIForeground>F201F8</UIForeground><UIGlow>F201F9</UIGlow>発動条件：<UIGlow>01</UIGlow><UIForeground>01</UIForeground>ファイア実行時（発動確率40％）"
33,"次に詠唱するサンダー、サンダラ、サンダガ、サンダジャの詠唱時間と消費ＭＰを0にし、かつヒット時に通常ダメージに加えて、継続ダメージの総量を一度に与える。
<UIForeground>F201F8</UIForeground><UIGlow>F201F9</UIGlow>効果時間：<UIGlow>01</UIGlow><UIForeground>01</UIForeground>40秒
<UIForeground>F201F8</UIForeground><UIGlow>F201F9</UIGlow>発動条件：<UIGlow>01</UIGlow><UIForeground>01</UIForeground>サンダー、サンダガの継続ダメージヒット時（発動確率10％）および、サンダラ、サンダジャの継続ダメージヒット時（発動確率3％）"
34,"園芸師にクラスチェンジした際、自動でトライアングレートの効果を得る。"
35,"「ステルス」効果が有効なモンスターの最大レベルを30にする。"
36,"「ステルス」効果が有効なモンスターの最大レベルを40にする。"
37,"「ステルス」効果が有効なモンスターの最大レベルを50にする。"
38,"採掘師にクラスチェンジした際、自動でプロスペクトの効果を得る。"
39,"「ステルス」効果が有効なモンスターの最大レベルを30にする。"
40,"「ステルス」効果が有効なモンスターの最大レベルを40にする。"
41,"「ステルス」効果が有効なモンスターの最大レベルを50にする。"
42,"良木や草刈場が持つ獲得率に関する特殊な性質を発見できるようになる。"
43,"良木や草刈場が持つ獲得回数に関する特殊な性質を発見できるようになる。"
44,"良木や草刈場が持つ獲得数ボーナス発生率に関する特殊な性質を発見できるようになる。"
45,"良木や草刈場が持つ獲得数に関する特殊な性質を発見できるようになる。"
46,"クリスタルを十二神の加護効果の対象にする。"
47,"クラスターを十二神の加護効果の対象にする。"
48,"採掘場や岩場が持つ獲得率に関する特殊な性質を発見できるようになる。"
49,"採掘場や岩場が持つ獲得回数に関する特殊な性質を発見できるようになる。"
50,"採掘場や岩場が持つ獲得数ボーナス発生率に関する特殊な性質を発見できるようになる。"
51,"採掘場や岩場が持つ獲得数に関する特殊な性質を発見できるようになる。"
52,"クリスタルを十二神の加護効果の対象にする。"
53,"クラスターを十二神の加護効果の対象にする。"
54,"砂海を釣り場としてキャスト実行可能になる。"
55,"雲海を釣り場としてキャスト実行可能になる。"
56,"「ステルス」効果が有効なモンスターの最大レベルを30にする。"
57,"「ステルス」効果が有効なモンスターの最大レベルを40にする。"
58,"「ステルス」効果が有効なモンスターの最大レベルを50にする。"
59,"自身のレベル以下の穴場を発見し釣りができるようになる。"
60,"LV35までの穴場を発見し釣りができるようになる。"
61,"LV50までの穴場を発見し釣りができるようになる。"
62,"泳がせ釣りで釣った魚をエサにして、キャスティングを実行可能になる。"
63,"エーテルフロー実行時に、自身に最大スタック数の<UIForeground>F201F4</UIForeground><UIGlow>F201F5</UIGlow>「エーテルフロー」<UIGlow>01</UIGlow><UIForeground>01</UIForeground>を付与する。
<UIForeground>F201F8</UIForeground><UIGlow>F201F9</UIGlow>最大スタック数：<UIGlow>01</UIGlow><UIForeground>01</UIForeground>1"
64,"ＩＮＴが8上昇する。"
65,"ＩＮＴが16上昇する。"
66,"自身のオートアタックを除くアクションによる、ダメージと回復量をベース値の1.1倍にする。
また、自身のペットによる、ダメージと回復量をベース値の1.1倍にする。"
67,"<UIForeground>F201F4</UIForeground><UIGlow>F201F5</UIGlow>「エーテルフロー」<UIGlow>01</UIGlow><UIForeground>01</UIForeground>の最大スタック数を2に増加する。"
68,"ＩＮＴが24上昇する。"
69,"自身のオートアタックを除くアクションによる、ダメージと回復量をベース値の1.3倍にする。
また、自身のペットによる、ダメージと回復量をベース値の1.3倍にする。"
70,"<UIForeground>F201F4</UIForeground><UIGlow>F201F5</UIGlow>「エーテルフロー」<UIGlow>01</UIGlow><UIForeground>01</UIForeground>の最大スタック数を3に増加する。"
71,"バディのＳＴＲを5％上昇する。"
72,"バディの最大ＨＰを10％上昇する。"
73,"バディの命中率を5％上昇する。"
74,"バディのクリティカルを15％上昇する。"
75,"バディのＳＴＲを5％上昇する。"
76,"バディの最大ＨＰを10％上昇する。"
77,"バディのＳＴＲを5％上昇する。"
78,"バディの最大ＨＰを5％上昇する。"
79,"バディの命中率を5％上昇する。"
80,"バディのクリティカルを15％上昇する。"
81,"バディのＳＴＲを10％上昇する。"
82,"バディの攻撃速度を10％上昇する。"
83,"バディのＭＮＤを10％上昇する。"
84,"バディの最大ＨＰを5％上昇する。"
85,"バディの命中率を5％上昇する。"
86,"バディのクリティカルを15％上昇する。"
87,"バディのＭＮＤを15％上昇する。"
88,"バディの最大ＨＰを5％上昇する。"
89,"ＤＥＸが8上昇する。"
90,"落下による被ダメージを軽減する。"
91,"ＤＥＸが16上昇する。"
92,"ＤＥＸが24上昇する。"
93,"自身の移動速度を上昇させる。"
94,"クリスタルなど一部のアイテムを採集する際、通常より獲得数が多くなることがある。"
95,"採掘場や岩場が持っている秘められた特殊な性質を、時々発見できるようになる。"
96,"「ステルス」効果が有効なモンスターの最大レベルを54にする。"
97,"「ステルス」効果が有効なモンスターの最大レベルを57にする。"
98,"「ステルス」効果が有効なモンスターの最大レベルを60にする。"
99,"クリスタルなど一部のアイテムを採集する際、通常より獲得数が多くなることがある。"
100,"良木や草刈場が持っている秘められた特殊な性質を、時々発見できるようになる。"
101,"「ステルス」効果が有効なモンスターの最大レベルを54にする。"
102,"「ステルス」効果が有効なモンスターの最大レベルを57にする。"
103,"「ステルス」効果が有効なモンスターの最大レベルを60にする。"
104,"LV55までの穴場を発見し釣りができるようになる。"
105,"LV60までの穴場を発見し釣りができるようになる。"
106,"浮島を釣り場としてキャスト実行可能になる。"
107,"「ステルス」効果が有効なモンスターの最大レベルを54にする。"
108,"「ステルス」効果が有効なモンスターの最大レベルを57にする。"
109,"「ステルス」効果が有効なモンスターの最大レベルを60にする。"
110,"溶岩を釣り場としてキャスト実行可能になる。"
111,"魔泉を釣り場としてキャスト実行可能になる。"
112,"ＶＩＴが8上昇する。"
113,"ＶＩＴが16上昇する。"
114,"ＶＩＴが24上昇する。"
115,"ＤＥＸが8上昇する。"
116,"ＤＥＸが16上昇する。"
117,"自身のオートアタックを除くアクションによるダメージをベース値の1.1倍にする。
また、自身が設置したタレットによるダメージをベース値の1.1倍にする。"
118,"ＤＥＸが24上昇する。"
119,"自身のオートアタックを除くアクションによるダメージをベース値の1.2倍にする。
また、自身が設置したタレットによるダメージをベース値の1.2倍にする。"
120,"ＭＮＤが8上昇する。"
121,"ＭＮＤが16上昇する。"
122,"自身のオートアタックを除くアクションによる、ダメージと回復量をベース値の1.1倍にする。"
123,"ＭＮＤが24上昇する。"
124,"次に詠唱するベネフィラが必ずクリティカルヒットする
<UIForeground>F201F8</UIForeground><UIGlow>F201F9</UIGlow>効果時間：<UIGlow>01</UIGlow><UIForeground>01</UIForeground>15秒
<UIForeground>F201F8</UIForeground><UIGlow>F201F9</UIGlow>発動条件：<UIGlow>01</UIGlow><UIForeground>01</UIForeground>ベネフィク実行時（発動確率15％）"
125,"自身のオートアタックを除くアクションによる、ダメージと回復量をベース値の1.3倍にする。"
126,"「ステルス」効果が有効なモンスターの最大レベルを64にする。"
127,"「ステルス」効果が有効なモンスターの最大レベルを67にする。"
128,"「ステルス」効果が有効なモンスターの最大レベルを70にする。"
129,"「ステルス」効果が有効なモンスターの最大レベルを64にする。"
130,"「ステルス」効果が有効なモンスターの最大レベルを67にする。"
131,"「ステルス」効果が有効なモンスターの最大レベルを70にする。"
132,"「ステルス」効果が有効なモンスターの最大レベルを64にする。"
133,"「ステルス」効果が有効なモンスターの最大レベルを67にする。"
134,"「ステルス」効果が有効なモンスターの最大レベルを70にする。"
135,"塩湖を釣り場としてキャスト実行可能になる。"
136,"LV65までの穴場を発見し釣りができるようになる。"
137,"LV70までの穴場を発見し釣りができるようになる。"
138,"「高品質」状態になる確率がわずかに上昇する。"
139,"「高品質」状態になる確率がわずかに上昇する。"
140,"「高品質」状態になる確率がわずかに上昇する。"
141,"「高品質」状態になる確率がわずかに上昇する。"
142,"「高品質」状態になる確率がわずかに上昇する。"
143,"「高品質」状態になる確率がわずかに上昇する。"
144,"「高品質」状態になる確率がわずかに上昇する。"
145,"「高品質」状態になる確率がわずかに上昇する。"
146,"製作開始から2ターン目に、一定確率で最大CPを増加させる「魔匠の閃き」状態を付与する。
<UIForeground>F201F8</UIForeground><UIGlow>F201F9</UIGlow>マイスター時：<UIGlow>01</UIGlow><UIForeground>01</UIForeground>必ず発動する"
147,"製作開始から2ターン目に、一定確率で最大CPを増加させる「魔匠の閃き」状態を付与する。
<UIForeground>F201F8</UIForeground><UIGlow>F201F9</UIGlow>マイスター時：<UIGlow>01</UIGlow><UIForeground>01</UIForeground>必ず発動する"
148,"製作開始から2ターン目に、一定確率で最大CPを増加させる「魔匠の閃き」状態を付与する。
<UIForeground>F201F8</UIForeground><UIGlow>F201F9</UIGlow>マイスター時：<UIGlow>01</UIGlow><UIForeground>01</UIForeground>必ず発動する"
149,"製作開始から2ターン目に、一定確率で最大CPを増加させる「魔匠の閃き」状態を付与する。
<UIForeground>F201F8</UIForeground><UIGlow>F201F9</UIGlow>マイスター時：<UIGlow>01</UIGlow><UIForeground>01</UIForeground>必ず発動する"
150,"製作開始から2ターン目に、一定確率で最大CPを増加させる「魔匠の閃き」状態を付与する。
<UIForeground>F201F8</UIForeground><UIGlow>F201F9</UIGlow>マイスター時：<UIGlow>01</UIGlow><UIForeground>01</UIForeground>必ず発動する"
151,"製作開始から2ターン目に、一定確率で最大CPを増加させる「魔匠の閃き」状態を付与する。
<UIForeground>F201F8</UIForeground><UIGlow>F201F9</UIGlow>マイスター時：<UIGlow>01</UIGlow><UIForeground>01</UIForeground>必ず発動する"
152,"製作開始から2ターン目に、一定確率で最大CPを増加させる「魔匠の閃き」状態を付与する。
<UIForeground>F201F8</UIForeground><UIGlow>F201F9</UIGlow>マイスター時：<UIGlow>01</UIGlow><UIForeground>01</UIForeground>必ず発動する"
153,"製作開始から2ターン目に、一定確率で最大CPを増加させる「魔匠の閃き」状態を付与する。
<UIForeground>F201F8</UIForeground><UIGlow>F201F9</UIGlow>マイスター時：<UIGlow>01</UIGlow><UIForeground>01</UIForeground>必ず発動する"
154,"漁師にクラスチェンジした際、自動でファゾムの効果を得る。"
155,"漁場が持つ特殊な性質を発見できるようになる。"
156,"かばうの効果中に自身が肩代わりするダメージを20％軽減する。"
157,"ウォークライのリキャストタイムを5秒短縮する。
<UIForeground>F201F8</UIForeground><UIGlow>F201F9</UIGlow>発動条件：<UIGlow>01</UIGlow><UIForeground>01</UIForeground>一部を除く敵に対する原初の魂、スチールサイクロン、フェルクリーヴ、デシメートの命中時"
158,"<UIForeground>F201F4</UIForeground><UIGlow>F201F5</UIGlow>「ブラックブラッド」<UIGlow>01</UIGlow><UIForeground>01</UIForeground>が上昇するようになる。
<UIForeground>F201F8</UIForeground><UIGlow>F201F9</UIGlow>発動条件：<UIGlow>01</UIGlow><UIForeground>01</UIForeground>特定のアクションの命中時"
159,"<UIForeground>F201F4</UIForeground><UIGlow>F201F5</UIGlow>「ブラックブラッド」<UIGlow>01</UIGlow><UIForeground>01</UIForeground>が上昇するようになる。
<UIForeground>F201F8</UIForeground><UIGlow>F201F9</UIGlow>発動条件：<UIGlow>01</UIGlow><UIForeground>01</UIForeground><UIForeground>F201F4</UIForeground><UIGlow>F201F5</UIGlow>「ブラッドウェポン」<UIGlow>01</UIGlow><UIForeground>01</UIForeground>効果中に実行するウェポンスキルおよび魔法の命中時"
160,"自身に<UIForeground>F201F4</UIForeground><UIGlow>F201F5</UIGlow>「闘気」<UIGlow>01</UIGlow><UIForeground>01</UIForeground>が付与される。
<UIForeground>F201F8</UIForeground><UIGlow>F201F9</UIGlow>発動条件：<UIGlow>01</UIGlow><UIForeground>01</UIForeground>ウェポンスキルのクリティカルヒット時（発動確率80％）"
161,"羅刹衝がチャージアクションに変化する。
<UIForeground>F201F8</UIForeground><UIGlow>F201F9</UIGlow>最大チャージ数：<UIGlow>01</UIGlow><UIForeground>01</UIForeground>2"
162,"竜牙竜爪の命中時に竜尾大車輪を、竜尾大車輪の命中時に竜牙竜爪を、それぞれ一度だけ実行することができるようになる。このとき、威力が100上昇する。"
163,"ミラージュダイブの命中時に、自身に<UIForeground>F201F4</UIForeground><UIGlow>F201F5</UIGlow>「ドラゴンアイ」<UIGlow>01</UIGlow><UIForeground>01</UIForeground>が付与される。
ドラゴンアイが2段階まで付与された状態でゲイルスコグルを実行すると、自身に<UIForeground>F201F4</UIForeground><UIGlow>F201F5</UIGlow>「紅の竜血」<UIGlow>01</UIGlow><UIForeground>01</UIForeground>が付与される。
紅の竜血効果中はゲイルスコグルが<UIForeground>F201F4</UIForeground><UIGlow>F201F5</UIGlow>「ナーストレンド」<UIGlow>01</UIGlow><UIForeground>01</UIForeground>に変化する。　<UIForeground>F201F8</UIForeground><UIGlow>F201F9</UIGlow>効果時間：<UIGlow>01</UIGlow><UIForeground>01</UIForeground>20秒"
164,"自身のオートアタックを除くアクションによる物理ダメージを5％上昇させる。"
165,"<UIForeground>F201F4</UIForeground><UIGlow>F201F5</UIGlow>「忍気」<UIGlow>01</UIGlow><UIForeground>01</UIForeground>が5ずつ上昇するようになる。
<UIForeground>F201F8</UIForeground><UIGlow>F201F9</UIGlow>発動条件：<UIGlow>01</UIGlow><UIForeground>01</UIForeground>ウェポンスキルの命中時またはコンボ成功時"
166,"縮地のリキャストタイムをリセットする。
<UIForeground>F201F8</UIForeground><UIGlow>F201F9</UIGlow>発動条件：<UIGlow>01</UIGlow><UIForeground>01</UIForeground>一部を除く敵に対する火遁の術、雷遁の術、氷遁の術の実行時"
167,"<UIForeground>F201F4</UIForeground><UIGlow>F201F5</UIGlow>「忍気」<UIGlow>01</UIGlow><UIForeground>01</UIForeground>を40上昇させる。
<UIForeground>F201F8</UIForeground><UIGlow>F201F9</UIGlow>発動条件：<UIGlow>01</UIGlow><UIForeground>01</UIForeground>ぶんどるの命中時"
168,"ベノムバイトがコースティックバイトに、ウィンドバイトがストームバイトに変化する。"
169,"賢人のバラード、軍神のパイオン、旅神のメヌエットの追加効果が発動する。
<UIForeground>F201F8</UIForeground><UIGlow>F201F9</UIGlow>発動条件：<UIGlow>01</UIGlow><UIForeground>01</UIForeground>賢人のバラード、軍神のパイオン、旅神のメヌエットのいずれかを実行中でかつエンピリアルアローの命中時"
170,"スプリットショットがヒートスプリットショットに、スラッグショットがヒートスラッグショットに、クリーンショットがヒートクリーンショットに変化する。
<UIForeground>F201F8</UIForeground><UIGlow>F201F9</UIGlow>発動条件：<UIGlow>01</UIGlow><UIForeground>01</UIForeground><UIForeground>F201F4</UIForeground><UIGlow>F201F5</UIGlow>「ヒート」<UIGlow>01</UIGlow><UIForeground>01</UIForeground>が50以上の状態"
171,"サンダーがサンダガに変化する。"
172,"サンダラがサンダジャに変化する。"
173,"フレアの消費ＭＰが2/3になる。
実行時に<UIForeground>F201F4</UIForeground><UIGlow>F201F5</UIGlow>「アンブラルハート」<UIGlow>01</UIGlow><UIForeground>01</UIForeground>を全て消費する
<UIForeground>F201F8</UIForeground><UIGlow>F201F9</UIGlow>発動条件：<UIGlow>01</UIGlow><UIForeground>01</UIForeground><UIForeground>F201F4</UIForeground><UIGlow>F201F5</UIGlow>「アンブラルハート」<UIGlow>01</UIGlow><UIForeground>01</UIForeground>効果中"
174,"自身に<UIForeground>F201F4</UIForeground><UIGlow>F201F5</UIGlow>「ポリグロット」<UIGlow>01</UIGlow><UIForeground>01</UIForeground>が付与される。
<UIForeground>F201F8</UIForeground><UIGlow>F201F9</UIGlow>発動条件：<UIGlow>01</UIGlow><UIForeground>01</UIForeground><UIForeground>F201F4</UIForeground><UIGlow>F201F5</UIGlow>「エノキアン」<UIGlow>01</UIGlow><UIForeground>01</UIForeground>の効果を30秒間継続させる
さらに、エノキアンの効果量を10％に上昇させる。"
175,"バイオがバイオラに変化する。"
176,"自身に<UIForeground>F201F4</UIForeground><UIGlow>F201F5</UIGlow>「ルインラ強化」<UIGlow>01</UIGlow><UIForeground>01</UIForeground>を付与する。
ルインラがルインジャに変化する。
<UIForeground>F201F8</UIForeground><UIGlow>F201F9</UIGlow>最大スタック数：<UIGlow>01</UIGlow><UIForeground>01</UIForeground>4　<UIForeground>F201F8</UIForeground><UIGlow>F201F9</UIGlow>効果時間：<UIGlow>01</UIGlow><UIForeground>01</UIForeground>永続
<UIForeground>F201F8</UIForeground><UIGlow>F201F9</UIGlow>発動条件：<UIGlow>01</UIGlow><UIForeground>01</UIForeground>エギアサルトIによる攻撃アクションの実行時"
177,"バイオラがバイオガに、ミアズマがミアズガに変化する。"
178,"トランス・バハムートがサモン・バハムートに変化する。"
179,"ストーンがストンラに変化する。"
180,"エアロがエアロラに変化する。"
181,"ストンラがストンガに変化する。"
182,"ストンガがストンジャに変化する。"
183,"アサイラムおよびアサイズのリキャストタイムを5秒短縮する。
<UIForeground>F201F8</UIForeground><UIGlow>F201F9</UIGlow>発動条件：<UIGlow>01</UIGlow><UIForeground>01</UIForeground>ケアル、ケアルラのクリティカルヒット時（発動確率20％）"
184,"気炎法が魔炎法に変化する。
さらに、ルインラの威力を180に上昇させる。"
185,"エーテルフローのリキャストタイムを5秒短縮する。
<UIForeground>F201F8</UIForeground><UIGlow>F201F9</UIGlow>発動条件：<UIGlow>01</UIGlow><UIForeground>01</UIForeground>エーテルフローを消費するアクションの実行時"
186,"コンバスがコンバラに変化する。"
187,"マレフィクがマレフィラに変化する。"
188,"マレフィラがマレフィガに変化する。"
189,"ライトスピードのリキャストタイムを90秒に短縮させる。"
190,"採集開始時にすべてのリーチゲージを0にする。
対象：レベル60以下の採集場所"
191,"採集開始時にすべてのリーチゲージを0にする。
対象：レベル60以下の採集場所"
192,"GPの自然回復量がベース値から1上昇する。"
193,"GPの自然回復量がベース値から1上昇する。"
194,"GPの自然回復量がベース値から1上昇する。"
195,"ジョルトがジョルラに変化する。
さらに、ヴァルサンダーとヴァルエアロの威力を360に、ヴァルファイアとヴァルストーンの威力を300に上昇させる。"
196,"自身に<UIForeground>F201F4</UIForeground><UIGlow>F201F5</UIGlow>「ヒーリングリリー」<UIGlow>01</UIGlow><UIForeground>01</UIForeground>が付与される。
<UIForeground>F201F8</UIForeground><UIGlow>F201F9</UIGlow>最大スタック数：<UIGlow>01</UIGlow><UIForeground>01</UIForeground>3
<UIForeground>F201F8</UIForeground><UIGlow>F201F9</UIGlow>発動条件：<UIGlow>01</UIGlow><UIForeground>01</UIForeground>自身が戦闘状態になり20秒が経過するたび"
197,"ＩＮＴが8上昇する。"
198,"ＩＮＴが16上昇する。"
199,"ＩＮＴが24上昇する。"
200,"自身のオートアタックを除くアクションによる、ダメージと回復量をベース値の1.1倍にする。"
201,"自身のオートアタックを除くアクションによる、ダメージと回復量をベース値の1.3倍にする。"
202,"ＳＴＲが8上昇する。"
203,"ＳＴＲが16上昇する。"
204,"ＳＴＲが24上昇する。"
205,"自身のオートアタックを除くアクションによる物理ダメージを20％上昇させる。"
206,"自身に<UIForeground>F201F4</UIForeground><UIGlow>F201F5</UIGlow>「インパクト詠唱可」<UIGlow>01</UIGlow><UIForeground>01</UIForeground>が付与される。
<UIForeground>F201F8</UIForeground><UIGlow>F201F9</UIGlow>発動条件：<UIGlow>01</UIGlow><UIForeground>01</UIForeground>ジョルラ命中時"
207,"自身が実行するすべての魔法の消費ＭＰが50％減少し、かつ被ダメージにより詠唱が中断されることがなくなる。"
208,"<UIForeground>F201F4</UIForeground><UIGlow>F201F5</UIGlow>「剣気」<UIGlow>01</UIGlow><UIForeground>01</UIForeground>が追加で上昇するようになる。
<UIForeground>F201F8</UIForeground><UIGlow>F201F9</UIGlow>発動条件：<UIGlow>01</UIGlow><UIForeground>01</UIForeground>居合術を除くウェポンスキルの命中時"
209,"<UIForeground>F201F4</UIForeground><UIGlow>F201F5</UIGlow>「オウス」<UIGlow>01</UIGlow><UIForeground>01</UIForeground>が5ずつ上昇するようになる。
<UIForeground>F201F8</UIForeground><UIGlow>F201F9</UIGlow>発動条件：<UIGlow>01</UIGlow><UIForeground>01</UIForeground>オートアタックの命中時"
210,"ＭＮＤが8上昇する。"
211,"ＭＮＤが16上昇する。"
212,"ＭＮＤが24上昇する。"
213,"エンキンドルのリキャストタイムを120秒に短縮する。"
214,"ルインが気炎法に変化する。
さらに、ルインラの威力を160に、破陣法の威力を165に上昇させる。"
215,"<UIForeground>F201F4</UIForeground><UIGlow>F201F5</UIGlow>「剣気」<UIGlow>01</UIGlow><UIForeground>01</UIForeground>が上昇するようになる。
<UIForeground>F201F8</UIForeground><UIGlow>F201F9</UIGlow>発動条件：<UIGlow>01</UIGlow><UIForeground>01</UIForeground>特定のウェポンスキルの命中時および心眼の実行により被ダメージの軽減に成功したとき。"
216,"詠唱時間を有する魔法を実行すると、自身に<UIForeground>F201F4</UIForeground><UIGlow>F201F5</UIGlow>「連続魔」<UIGlow>01</UIGlow><UIForeground>01</UIForeground>が付与される。　<UIForeground>F201F8</UIForeground><UIGlow>F201F9</UIGlow>効果時間：<UIGlow>01</UIGlow><UIForeground>01</UIForeground>15秒
<UIForeground>F201F8</UIForeground><UIGlow>F201F9</UIGlow>連続魔効果：<UIGlow>01</UIGlow><UIForeground>01</UIForeground>次の魔法を詠唱時間無しで実行することができる。
効果時間中にオートアタックかアビリティ以外のアクションを実行すると、連続魔は即座に解除される。"
217,"ルインがルインラに変化する。"
218,"バーサクが原初の解放に変化する。"
219,"一部の敵を倒した際、まれに青魔法アクションを修得できる。
<UIForeground>F201F8</UIForeground><UIGlow>F201F9</UIGlow>修得条件：<UIGlow>01</UIGlow><UIForeground>01</UIForeground>戦闘中に敵がラーニング可能アクションを使用"
220,"自身のオートアタックを除くアクションによる、ダメージと回復量をベース値の1.1倍にする。"
221,"自身のオートアタックを除くアクションによる、ダメージと回復量をベース値の1.2倍にする。"
222,"自身のオートアタックを除くアクションによる、ダメージと回復量をベース値の1.3倍にする。"
223,"自身のオートアタックを除くアクションによる、ダメージと回復量をベース値の1.4倍にする。"
224,"自身のオートアタックを除くアクションによる、ダメージと回復量をベース値の1.5倍にする。"
225,"「ステルス」効果が有効なモンスターの最大レベルを74にする。"
226,"「ステルス」効果が有効なモンスターの最大レベルを77にする。"
227,"「ステルス」効果が有効なモンスターの最大レベルを80にする。"
228,"「ステルス」効果が有効なモンスターの最大レベルを74にする。"
229,"「ステルス」効果が有効なモンスターの最大レベルを77にする。"
230,"「ステルス」効果が有効なモンスターの最大レベルを80にする。"
231,"「ステルス」効果が有効なモンスターの最大レベルを74にする。"
232,"「ステルス」効果が有効なモンスターの最大レベルを77にする。"
233,"「ステルス」効果が有効なモンスターの最大レベルを80にする。"
234,"LV75までの穴場を発見し釣りができるようになる。"
235,"LV80までの穴場を発見し釣りができるようになる。"
236,"GPの自然回復量がベース値から2上昇する。さらに採集成功時のGP回復量がベース値から1上昇する。"
237,"GPの自然回復量がベース値から2上昇する。さらに採集成功時のGP回復量がベース値から1上昇する。"
238,"GPの自然回復量がベース値から2上昇する。"
239,"GPの自然回復量がベース値から3上昇する。さらに採集成功時のGP回復量がベース値から1上昇する。"
240,"GPの自然回復量がベース値から3上昇する。さらに採集成功時のGP回復量がベース値から1上昇する。"
241,"GPの自然回復量がベース値から3上昇する。"
242,"自身に<UIForeground>F201F4</UIForeground><UIGlow>F201F5</UIGlow>「理知興起実行可」<UIGlow>01</UIGlow><UIForeground>01</UIForeground>を付与する。
<UIForeground>F201F8</UIForeground><UIGlow>F201F9</UIGlow>発動条件：<UIGlow>01</UIGlow><UIForeground>01</UIForeground>「石工の理」実行時（発動確率50％）"
243,"自身に<UIForeground>F201F4</UIForeground><UIGlow>F201F5</UIGlow>「理知興起実行可」<UIGlow>01</UIGlow><UIForeground>01</UIForeground>を付与する。
<UIForeground>F201F8</UIForeground><UIGlow>F201F9</UIGlow>発動条件：<UIGlow>01</UIGlow><UIForeground>01</UIForeground>「老農の知」実行時（発動確率50％）"
244,"自身に<UIForeground>F201F4</UIForeground><UIGlow>F201F5</UIGlow>「ビッグフィッシャー」<UIGlow>01</UIGlow><UIForeground>01</UIForeground>を付与する。
<UIForeground>F201F8</UIForeground><UIGlow>F201F9</UIGlow>発動条件：<UIGlow>01</UIGlow><UIForeground>01</UIForeground>ラージサイズ獲得時（一定確率）<If(Equal(PlayerParameter(68),18))><If(GreaterThanOrEqualTo(PlayerParameter(69),61))>
ただし、釣りで獲得した場合と、刺突漁で獲得した場合では確率が異なる。<Else/></If><Else/></If>
<UIForeground>F201F8</UIForeground><UIGlow>F201F9</UIGlow>最大スタック数：<UIGlow>01</UIGlow><UIForeground>01</UIForeground>10"
245,"自身に<UIForeground>F201F4</UIForeground><UIGlow>F201F5</UIGlow>「闘気」<UIGlow>01</UIGlow><UIForeground>01</UIForeground>が付与される確率が100％に上昇する。
<UIForeground>F201F8</UIForeground><UIGlow>F201F9</UIGlow>発動条件：<UIGlow>01</UIGlow><UIForeground>01</UIForeground>ウェポンスキルのクリティカルヒット時"
246,"ライオットソードとスピリッツウィズインにＭＰ回復効果を付与する。"
247,"トゥルースラストの威力を230に、ボーパルスラストの威力を130に、ディセムボウルの威力を140に上昇する。
さらに、竜牙竜爪の命中直後に竜尾大車輪、または竜尾大車輪の命中直後に竜牙竜爪の実行に成功すると、自身に<UIForeground>F201F4</UIForeground><UIGlow>F201F5</UIGlow>「竜眼」<UIGlow>01</UIGlow><UIForeground>01</UIForeground>を付与する。　<UIForeground>F201F8</UIForeground><UIGlow>F201F9</UIGlow>効果時間：<UIGlow>01</UIGlow><UIForeground>01</UIForeground>30秒
この効果はウェポンスキルによる近接攻撃を実行すると解除される。
効果時間中はトゥルースラストが<UIForeground>F201F4</UIForeground><UIGlow>F201F5</UIGlow>「竜眼雷電」<UIGlow>01</UIGlow><UIForeground>01</UIForeground>に変化する。"
248,""
249,"<UIForeground>F201F4</UIForeground><UIGlow>F201F5</UIGlow>「インナービースト」<UIGlow>01</UIGlow><UIForeground>01</UIForeground>が上昇するようになる。
<UIForeground>F201F8</UIForeground><UIGlow>F201F9</UIGlow>発動条件：<UIGlow>01</UIGlow><UIForeground>01</UIForeground>メイムとシュトルムヴィントのコンボ成功時"
250,"<UIForeground>F201F4</UIForeground><UIGlow>F201F5</UIGlow>「活殺自在」<UIGlow>01</UIGlow><UIForeground>01</UIForeground>の効果中は、火遁の術と氷遁の術がそれぞれ<UIForeground>F201F4</UIForeground><UIGlow>F201F5</UIGlow>「劫火滅却の術」<UIGlow>01</UIGlow><UIForeground>01</UIForeground>と<UIForeground>F201F4</UIForeground><UIGlow>F201F5</UIGlow>「氷晶乱流の術」<UIGlow>01</UIGlow><UIForeground>01</UIForeground>に変化する。"
251,"自身のオートアタックを除くアクションによるダメージをベースダメージの1.1倍にする。"
252,"自身に<UIForeground>F201F4</UIForeground><UIGlow>F201F5</UIGlow>「幻扇」<UIGlow>01</UIGlow><UIForeground>01</UIForeground>が付与される。
<UIForeground>F201F8</UIForeground><UIGlow>F201F9</UIGlow>最大スタック数：<UIGlow>01</UIGlow><UIForeground>01</UIForeground>4
<UIForeground>F201F8</UIForeground><UIGlow>F201F9</UIGlow>発動条件：<UIGlow>01</UIGlow><UIForeground>01</UIForeground>特定のアクションの命中時"
253,"自身のオートアタックを除くアクションによるダメージをベースダメージの1.2倍にする。"
254,"アン・アヴァンがチャージアクションに変化する。
<UIForeground>F201F8</UIForeground><UIGlow>F201F9</UIGlow>最大チャージ数：<UIGlow>01</UIGlow><UIForeground>01</UIForeground>2"
255,"スタンダードフィニッシュおよびテクニカルフィニッシュの成功時に、自身とパーティメンバーに<UIForeground>F201F4</UIForeground><UIGlow>F201F5</UIGlow>「エスプリ」<UIGlow>01</UIGlow><UIForeground>01</UIForeground>が付与されるようになる。
<UIForeground>F201F8</UIForeground><UIGlow>F201F9</UIGlow>自身に付与されたエスプリ効果：<UIGlow>01</UIGlow><UIForeground>01</UIForeground>カスケード、リバースカスケード、ファウンテン、ファウンテンフォール、ウィンドミル、ライジングウィンドミル、ブレードシャワー、ブラッドシャワーを命中させると<UIForeground>F201F4</UIForeground><UIGlow>F201F5</UIGlow>「エスプリ」<UIGlow>01</UIGlow><UIForeground>01</UIForeground>が5上昇する。
<UIForeground>F201F8</UIForeground><UIGlow>F201F9</UIGlow>パーティメンバーに付与されたエスプリ効果：<UIGlow>01</UIGlow><UIForeground>01</UIForeground>パーティメンバーがウェポンスキルか魔法による攻撃を命中させると、自身の<UIForeground>F201F4</UIForeground><UIGlow>F201F5</UIGlow>「エスプリ」<UIGlow>01</UIGlow><UIForeground>01</UIForeground>が10上昇する。
パーティメンバーのエスプリ上昇効果の発動確率はジョブごとに異なる。"
256,"アン・アヴァンの最大チャージ数が3に増加する。"
257,"自身に<UIForeground>F201F4</UIForeground><UIGlow>F201F5</UIGlow>「ソイル」<UIGlow>01</UIGlow><UIForeground>01</UIForeground>が付与される。
<UIForeground>F201F8</UIForeground><UIGlow>F201F9</UIGlow>最大スタック数：<UIGlow>01</UIGlow><UIForeground>01</UIForeground>2
<UIForeground>F201F8</UIForeground><UIGlow>F201F9</UIGlow>発動条件：<UIGlow>01</UIGlow><UIForeground>01</UIForeground>ソリッドバレルのコンボ成功時"
258,"自身に一定量のダメージを防ぐバリア<UIForeground>F201F4</UIForeground><UIGlow>F201F5</UIGlow>「ブルータルシェル」<UIGlow>01</UIGlow><UIForeground>01</UIForeground>が付与される。
<UIForeground>F201F8</UIForeground><UIGlow>F201F9</UIGlow>効果時間：<UIGlow>01</UIGlow><UIForeground>01</UIForeground>30秒
<UIForeground>F201F8</UIForeground><UIGlow>F201F9</UIGlow>発動条件：<UIGlow>01</UIGlow><UIForeground>01</UIForeground>ブルータルシェルのコンボ成功時"
259,"デンジャーゾーンがブラスティングゾーンに変化する。"
260,"レイジ・オブ・ハルオーネがロイヤルアソリティに変化する。"
261,"プロミネンスにＭＰ回復効果を付与する。"
262,"シェルトロンの効果時間を6秒に延長する。"
263,"一定時間、魔法を詠唱時間無しで詠唱することができる。
<UIForeground>F201F8</UIForeground><UIGlow>F201F9</UIGlow>発動条件：<UIGlow>01</UIGlow><UIForeground>01</UIForeground><UIForeground>F201F4</UIForeground><UIGlow>F201F5</UIGlow>「レクイエスカット」<UIGlow>01</UIGlow><UIForeground>01</UIForeground>効果中"
264,"自身に3スタックの<UIForeground>F201F4</UIForeground><UIGlow>F201F5</UIGlow>「忠義の剣」<UIGlow>01</UIGlow><UIForeground>01</UIForeground>が付与される。
<UIForeground>F201F8</UIForeground><UIGlow>F201F9</UIGlow>効果時間：<UIGlow>01</UIGlow><UIForeground>01</UIForeground>30秒
<UIForeground>F201F8</UIForeground><UIGlow>F201F9</UIGlow>発動条件：<UIGlow>01</UIGlow><UIForeground>01</UIForeground>ロイヤルアソリティのコンボ成功時"
265,"原初の魂がフェルクリーヴに変化する。"
266,"スチールサイクロンがデシメートに変化する。"
267,"自身に<UIForeground>F201F4</UIForeground><UIGlow>F201F5</UIGlow>「原初の混沌」<UIGlow>01</UIGlow><UIForeground>01</UIForeground>が付与される。
<UIForeground>F201F8</UIForeground><UIGlow>F201F9</UIGlow>効果時間：<UIGlow>01</UIGlow><UIForeground>01</UIForeground>30秒
<UIForeground>F201F8</UIForeground><UIGlow>F201F9</UIGlow>原初の混沌効果：<UIGlow>01</UIGlow><UIForeground>01</UIForeground>デシメートがカオティックサイクロンに変化する。
さらに、インナーカオスを修得するとフェルクリーヴがインナーカオスに変化するようになる。
<UIForeground>F201F8</UIForeground><UIGlow>F201F9</UIGlow>発動条件：<UIGlow>01</UIGlow><UIForeground>01</UIForeground>ウォークライ実行時"
268,"<UIForeground>F201F4</UIForeground><UIGlow>F201F5</UIGlow>「インナービースト」<UIGlow>01</UIGlow><UIForeground>01</UIForeground>が上昇するようになる。
<UIForeground>F201F8</UIForeground><UIGlow>F201F9</UIGlow>発動条件：<UIGlow>01</UIGlow><UIForeground>01</UIForeground>ミスリルテンペストのコンボ成功時"
269,"スリル・オブ・バトルに、「自身が受けるＨＰ回復効果を20％上昇させる効果」が付与される。"
270,""
271,"暗黒の波動が漆黒の波動に、暗黒の剣が漆黒の剣に変化する。"
272,"プランジカットがチャージアクションに変化する。
<UIForeground>F201F8</UIForeground><UIGlow>F201F9</UIGlow>最大チャージ数：<UIGlow>01</UIGlow><UIForeground>01</UIForeground>2"
273,"疾風迅雷が4つまでスタックするようになる。
<UIForeground>F201F8</UIForeground><UIGlow>F201F9</UIGlow>発動条件：<UIGlow>01</UIGlow><UIForeground>01</UIForeground><UIForeground>F201F4</UIForeground><UIGlow>F201F5</UIGlow>「疾風の構え」<UIGlow>01</UIGlow><UIForeground>01</UIForeground>効果中"
274,"効果量を10％に上昇させる。"
275,"ジャンプがハイジャンプに変化する。"
276,"紅の竜血の効果時間を30秒に延長する。"
277,"居合術の詠唱時間を1.3秒に短縮する。"
278,"<UIForeground>F201F4</UIForeground><UIGlow>F201F5</UIGlow>「風月」<UIGlow>01</UIGlow><UIForeground>01</UIForeground>と<UIForeground>F201F4</UIForeground><UIGlow>F201F5</UIGlow>「風花」<UIGlow>01</UIGlow><UIForeground>01</UIForeground>の効果量を13％に上昇する。"
279,"縮地がチャージアクションに変化する。
<UIForeground>F201F8</UIForeground><UIGlow>F201F9</UIGlow>最大チャージ数：<UIGlow>01</UIGlow><UIForeground>01</UIForeground>2"
280,"<UIForeground>F201F4</UIForeground><UIGlow>F201F5</UIGlow>「忍気」<UIGlow>01</UIGlow><UIForeground>01</UIForeground>の上昇量が10に増加する。
<UIForeground>F201F8</UIForeground><UIGlow>F201F9</UIGlow>発動条件：<UIGlow>01</UIGlow><UIForeground>01</UIForeground>旋風刃と強甲破点突のコンボ成功時"
281,""
282,"ストレートショットがリフルジェントアローに変化する。"
283,"自身に<UIForeground>F201F4</UIForeground><UIGlow>F201F5</UIGlow>「シャドウバイト実行可」<UIGlow>01</UIGlow><UIForeground>01</UIForeground>を付与する。
<UIForeground>F201F8</UIForeground><UIGlow>F201F9</UIGlow>効果時間：<UIGlow>01</UIGlow><UIForeground>01</UIForeground>30秒
<UIForeground>F201F8</UIForeground><UIGlow>F201F9</UIGlow>発動条件：<UIGlow>01</UIGlow><UIForeground>01</UIForeground>クイックノックの命中時（発動確率35％）"
284,"自身に<UIForeground>F201F4</UIForeground><UIGlow>F201F5</UIGlow>「ストレートショット実行可」<UIGlow>01</UIGlow><UIForeground>01</UIForeground>を付与する。
<UIForeground>F201F8</UIForeground><UIGlow>F201F9</UIGlow>効果時間：<UIGlow>01</UIGlow><UIForeground>01</UIForeground>30秒
<UIForeground>F201F8</UIForeground><UIGlow>F201F9</UIGlow>発動条件：<UIGlow>01</UIGlow><UIForeground>01</UIForeground>ストームバイト、コースティックバイト、アイアンジョーの命中時（発動確率35％）"
285,"ヘヴィショットがバーストショットに変化する。"
286,"軍神のパイオンの効果中かつ自身に<UIForeground>F201F4</UIForeground><UIGlow>F201F5</UIGlow>「詩心」<UIGlow>01</UIGlow><UIForeground>01</UIForeground>が付与されている状態で、賢人のバラードか旅神のメヌエットを実行すると、自身に<UIForeground>F201F4</UIForeground><UIGlow>F201F5</UIGlow>「軍神の加護」<UIGlow>01</UIGlow><UIForeground>01</UIForeground>を付与する。　<UIForeground>F201F8</UIForeground><UIGlow>F201F9</UIGlow>効果時間：<UIGlow>01</UIGlow><UIForeground>01</UIForeground>10秒
<UIForeground>F201F8</UIForeground><UIGlow>F201F9</UIGlow>軍神の加護効果：<UIGlow>01</UIGlow><UIForeground>01</UIForeground>オートアタックの攻撃間隔と、ウェポンスキルおよび魔法のキャストタイムとリキャストタイムを短縮させる。

また、軍神のパイオンの効果中かつ自身に<UIForeground>F201F4</UIForeground><UIGlow>F201F5</UIGlow>「詩心」<UIGlow>01</UIGlow><UIForeground>01</UIForeground>が付与されている状態で、賢人のバラードか旅神のメヌエットを実行することなく軍神のパイオンの効果時間が経過した場合、自身に<UIForeground>F201F4</UIForeground><UIGlow>F201F5</UIGlow>「軍神の契約」<UIGlow>01</UIGlow><UIForeground>01</UIForeground>を付与する。　<UIForeground>F201F8</UIForeground><UIGlow>F201F9</UIGlow>効果時間：<UIGlow>01</UIGlow><UIForeground>01</UIForeground>30秒
<UIForeground>F201F8</UIForeground><UIGlow>F201F9</UIGlow>軍神の契約効果：<UIGlow>01</UIGlow><UIForeground>01</UIForeground>賢人のバラード、軍神のパイオン、旅神のメヌエットを実行すると、自身に<UIForeground>F201F4</UIForeground><UIGlow>F201F5</UIGlow>「軍神の加護」<UIGlow>01</UIGlow><UIForeground>01</UIForeground>を付与する。
どちらの場合も、効果量は<UIForeground>F201F4</UIForeground><UIGlow>F201F5</UIGlow>「軍神の加護」<UIGlow>01</UIGlow><UIForeground>01</UIForeground>および<UIForeground>F201F4</UIForeground><UIGlow>F201F5</UIGlow>「軍神の契約」<UIGlow>01</UIGlow><UIForeground>01</UIForeground>が付与されたときの<UIForeground>F201F4</UIForeground><UIGlow>F201F5</UIGlow>「詩心」<UIGlow>01</UIGlow><UIForeground>01</UIForeground>の数により異なる。

<UIForeground>F201F8</UIForeground><UIGlow>F201F9</UIGlow>詩心が1つのとき：<UIGlow>01</UIGlow><UIForeground>01</UIForeground>1％
<UIForeground>F201F8</UIForeground><UIGlow>F201F9</UIGlow>詩心が2つのとき：<UIGlow>01</UIGlow><UIForeground>01</UIForeground>2％
<UIForeground>F201F8</UIForeground><UIGlow>F201F9</UIGlow>詩心が3つのとき：<UIGlow>01</UIGlow><UIForeground>01</UIForeground>4％
<UIForeground>F201F8</UIForeground><UIGlow>F201F9</UIGlow>詩心が4つのとき：<UIGlow>01</UIGlow><UIForeground>01</UIForeground>12％"
287,"<UIForeground>F201F4</UIForeground><UIGlow>F201F5</UIGlow>「ソウルボイス」<UIGlow>01</UIGlow><UIForeground>01</UIForeground>が5ずつ上昇するようになる。
<UIForeground>F201F8</UIForeground><UIGlow>F201F9</UIGlow>発動条件：<UIGlow>01</UIGlow><UIForeground>01</UIForeground>自身に<UIForeground>F201F4</UIForeground><UIGlow>F201F5</UIGlow>「詩心」<UIGlow>01</UIGlow><UIForeground>01</UIForeground>が付与されるとき。"
288,"スプリットショットがヒートスプリットショットに変化する。"
289,"スラッグショットがヒートスラッグショットに変化する。"
290,"クリーンショットがヒートクリーンショットに変化する。"
291,"ホットショットがエアアンカーに変化する。"
292,"ガウスラウンドとリコシェットの最大チャージ数が3に増加する。"
293,"ワイルドファイアの「ウェポンスキル1回ごとの威力」が220に上昇する。"
294,"オートタレット・ルークがオートマトン・クイーンに、オーバードライブ・ルークがオーバードライブ・クイーンに変化する。"
295,"自身に<UIForeground>F201F4</UIForeground><UIGlow>F201F5</UIGlow>「アンブラルハート」<UIGlow>01</UIGlow><UIForeground>01</UIForeground>が3つ付与される。
<UIForeground>F201F8</UIForeground><UIGlow>F201F9</UIGlow>発動条件：<UIGlow>01</UIGlow><UIForeground>01</UIForeground>フリーズ実行時"
296,"一部の魔法を実行すると、自身に<UIForeground>F201F4</UIForeground><UIGlow>F201F5</UIGlow>「アストラルファイア」<UIGlow>01</UIGlow><UIForeground>01</UIForeground>もしくは<UIForeground>F201F4</UIForeground><UIGlow>F201F5</UIGlow>「アンブラルブリザード」<UIGlow>01</UIGlow><UIForeground>01</UIForeground>が付与される。
<UIForeground>F201F8</UIForeground><UIGlow>F201F9</UIGlow>最大スタック数：<UIGlow>01</UIGlow><UIForeground>01</UIForeground>1　<UIForeground>F201F8</UIForeground><UIGlow>F201F9</UIGlow>効果時間：<UIGlow>01</UIGlow><UIForeground>01</UIForeground>15秒
自身に<UIForeground>F201F4</UIForeground><UIGlow>F201F5</UIGlow>「アストラルファイア」<UIGlow>01</UIGlow><UIForeground>01</UIForeground>もしくは<UIForeground>F201F4</UIForeground><UIGlow>F201F5</UIGlow>「アンブラルブリザード」<UIGlow>01</UIGlow><UIForeground>01</UIForeground>が付与されている場合、反対属性の魔法の消費ＭＰを0にする。
ただし、フレアには適用されない。"
297,"<UIForeground>F201F4</UIForeground><UIGlow>F201F5</UIGlow>「ポリグロット」<UIGlow>01</UIGlow><UIForeground>01</UIForeground>の最大スタック数が2に増加する。"
298,"自身に2段階分の<UIForeground>F201F4</UIForeground><UIGlow>F201F5</UIGlow>「トランス深度」<UIGlow>01</UIGlow><UIForeground>01</UIForeground>を付与する。
<UIForeground>F201F8</UIForeground><UIGlow>F201F9</UIGlow>発動条件：<UIGlow>01</UIGlow><UIForeground>01</UIForeground>トランス・バハムートの効果終了時"
299,"エギアサルトIIによる攻撃アクションの実行時にも、特性<UIForeground>F201F4</UIForeground><UIGlow>F201F5</UIGlow>「ルインラ効果アップ」<UIGlow>01</UIGlow><UIForeground>01</UIForeground>が発動するようになる。"
300,"ルイネーションの効果時間を30秒に延長する。"
301,"ベインの追加効果の発動確率が100％になる。"
302,"デミ・フェニックスを顕現させる。　<UIForeground>F201F8</UIForeground><UIGlow>F201F9</UIGlow>顕現時間：<UIGlow>01</UIGlow><UIForeground>01</UIForeground>20秒
デミ・フェニックスは顕現時に<UIForeground>F201F4</UIForeground><UIGlow>F201F5</UIGlow>「不死鳥の翼」<UIGlow>01</UIGlow><UIForeground>01</UIForeground>を実行する。
また、マスターが敵に対して攻撃魔法を実行すると、併せて<UIForeground>F201F4</UIForeground><UIGlow>F201F5</UIGlow>「火焔」<UIGlow>01</UIGlow><UIForeground>01</UIForeground>を実行する。
直前まで召喚していたエギは、デミ・フェニックスの顕現時に帰還するが、顕現時間が終了すると再出現する。
<UIForeground>F201F8</UIForeground><UIGlow>F201F9</UIGlow>発動条件：<UIGlow>01</UIGlow><UIForeground>01</UIForeground>ペットが存在かつトランス・フェニックスの実行時"
303,"スキャッターがインパクトに変化する。"
304,"デプラスマンとアンガジェマンの威力を180に上昇させる。"
305,"マナフィケーションのリキャストタイムを110秒に短縮させる。
さらに、「自身の与魔法ダメージを5％上昇させる効果」が付与される。"
306,"コントルシクストのリキャストタイムを35秒に短縮させる。
さらに、ヴァルサンダラとヴァルエアロラの威力を120に上昇させる。"
307,"エアロラがディアに変化する。"
308,"ストンジャがグレアに変化する。"
309,"自身に<UIForeground>F201F4</UIForeground><UIGlow>F201F5</UIGlow>「ブラッドリリー」<UIGlow>01</UIGlow><UIForeground>01</UIForeground>が付与される。
<UIForeground>F201F8</UIForeground><UIGlow>F201F9</UIGlow>最大スタック数：<UIGlow>01</UIGlow><UIForeground>01</UIForeground>3
<UIForeground>F201F8</UIForeground><UIGlow>F201F9</UIGlow>発動条件：<UIGlow>01</UIGlow><UIForeground>01</UIForeground>ハート・オブ・ソラス実行時"
310,"アサイラムに、「効果範囲内にいるパーティメンバーの受けるＨＰ回復効果が10％上昇する効果」が付与される。"
311,"バイオラが蠱毒法に変化する。"
312,"魔炎法が死炎法に変化する。
さらに、ルインラの威力を200に上昇させる。"
313,"野戦治療の陣に、「効果範囲内にいるパーティメンバーを継続回復させる効果」が付与される。"
314,"コンバラがコンバガに変化する。"
315,"マレフィガがマレフィジャに変化する。"
316,"ディグニティがチャージアクションになる。
<UIForeground>F201F8</UIForeground><UIGlow>F201F9</UIGlow>最大チャージ数：<UIGlow>01</UIGlow><UIForeground>01</UIForeground>2"
317,"自身の被ダメージを20％軽減させる。
また、ＶＩＴの上昇に伴う最大ＨＰの上昇量と、ＳＴＲの上昇に伴う与ダメージの上昇量に対して、Tankロール固有の補正がかかる。"
318,"自身の被ダメージを20％軽減させる。
また、ＶＩＴの上昇に伴う最大ＨＰの上昇量と、ＳＴＲの上昇に伴う与ダメージの上昇量に対して、Tankロール固有の補正がかかる。"
319,"自身の被ダメージを20％軽減させる。
また、ＶＩＴの上昇に伴う最大ＨＰの上昇量と、ＳＴＲの上昇に伴う与ダメージの上昇量に対して、Tankロール固有の補正がかかる。"
320,"自身の被ダメージを20％軽減させる。
また、ＶＩＴの上昇に伴う最大ＨＰの上昇量と、ＳＴＲの上昇に伴う与ダメージの上昇量に対して、Tankロール固有の補正がかかる。"
321,"激成魔のリキャストタイムを30秒に短縮させる。"
322,"エノキアンの効果量を15％に上昇させる。"
323,""
324,"バイオがバイオラに変化する。"
325,"採掘師にクラスチェンジした際、自動でトゥルー・オブ・ミネラルの効果を得る。"
326,"園芸師にクラスチェンジした際、自動でトゥルー・オブ・フォレストの効果を得る。"
327,"漁師にクラスチェンジした際、自動でトゥルー・オブ・オーシャンの効果を得る。"
328,"採掘師にクラスチェンジした際、またはエリア移動した際に、自動でスニークの効果を得る。
<UIForeground>F201F8</UIForeground><UIGlow>F201F9</UIGlow>発動条件：<UIGlow>01</UIGlow><UIForeground>01</UIForeground>スニークが実行できる場所"
329,"園芸師にクラスチェンジした際、またはエリア移動した際に、自動でスニークの効果を得る。
<UIForeground>F201F8</UIForeground><UIGlow>F201F9</UIGlow>発動条件：<UIGlow>01</UIGlow><UIForeground>01</UIForeground>スニークが実行できる場所"
330,"漁師にクラスチェンジした際、またはエリア移動した際に、自動でスニークの効果を得る。
<UIForeground>F201F8</UIForeground><UIGlow>F201F9</UIGlow>発動条件：<UIGlow>01</UIGlow><UIForeground>01</UIForeground>スニークが実行できる場所"
331,"十二神の加護による獲得数がベース値から1上昇する。"
332,"十二神の加護による獲得数がベース値から1上昇する。"
333,"バウンティフルイールドがバウンティフルイールドIIに変化する。"
334,"アナースIIがアナースIIIに変化する。"
335,"直感選別が直感選別IIに変化する。"
336,"バウンティフルハーベストがバウンティフルハーベストIIに変化する。"
337,"リーフターンIIがリーフターンIIIに変化する。"
338,"直感選別が直感選別IIに変化する。"
339,"作業の効率が120に上昇する。"
340,"作業の効率が120に上昇する。"
341,"作業の効率が120に上昇する。"
342,"作業の効率が120に上昇する。"
343,"作業の効率が120に上昇する。"
344,"作業の効率が120に上昇する。"
345,"作業の効率が120に上昇する。"
346,"作業の効率が120に上昇する。"
347,"突貫作業の効率が500に上昇する。"
348,"突貫作業の効率が500に上昇する。"
349,"突貫作業の効率が500に上昇する。"
350,"突貫作業の効率が500に上昇する。"
351,"突貫作業の効率が500に上昇する。"
352,"突貫作業の効率が500に上昇する。"
353,"突貫作業の効率が500に上昇する。"
354,"突貫作業の効率が500に上昇する。"
355,"アウトバーストの威力を90に上昇させる。"
356,"製作練習が実行可能になる。"
357,"製作練習が実行可能になる。"
358,"製作練習が実行可能になる。"
359,"製作練習が実行可能になる。"
360,"製作練習が実行可能になる。"
361,"製作練習が実行可能になる。"
362,"製作練習が実行可能になる。"
363,"製作練習が実行可能になる。"
364,"自身のオートアタックの攻撃間隔と、ウェポンスキルおよび魔法のキャストタイムとリキャストタイムを5％短縮させる。"
365,"自身のオートアタックの攻撃間隔と、ウェポンスキルおよび魔法のキャストタイムとリキャストタイムを10％短縮させる。"
366,"自身のオートアタックの攻撃間隔と、ウェポンスキルおよび魔法のキャストタイムとリキャストタイムを15％短縮させる。"
367,"自身のオートアタックの攻撃間隔と、ウェポンスキルおよび魔法のキャストタイムとリキャストタイムを20％短縮させる。
さらに、功力の効果量を15％に上昇させる。"
368,"自身のオートアタックを除くアクションによる、ダメージと回復量をベース値の1.1倍にする。"
369,"自身のオートアタックを除くアクションによる、ダメージと回復量をベース値の1.3倍にする。"
370,"自身に<UIForeground>F201F4</UIForeground><UIGlow>F201F5</UIGlow>「アダーガル」<UIGlow>01</UIGlow><UIForeground>01</UIForeground>が付与される。
<UIForeground>F201F8</UIForeground><UIGlow>F201F9</UIGlow>最大スタック数：<UIGlow>01</UIGlow><UIForeground>01</UIForeground>3
アダーガルは20秒経過するたびに付与される。
また、アダーガルは自身が戦闘不能状態でも付与される。"
371,"特定のアクションの威力を上昇させる。

<UIForeground>F201F8</UIForeground><UIGlow>F201F9</UIGlow>ドシスの威力：<UIGlow>01</UIGlow><UIForeground>01</UIForeground>250
<UIForeground>F201F8</UIForeground><UIGlow>F201F9</UIGlow>フレグマの威力：<UIGlow>01</UIGlow><UIForeground>01</UIForeground>330
<UIForeground>F201F8</UIForeground><UIGlow>F201F9</UIGlow>エウクラシア・ドシスの威力：<UIGlow>01</UIGlow><UIForeground>01</UIForeground>35"
372,"特定のアクションの威力を上昇させる。

<UIForeground>F201F8</UIForeground><UIGlow>F201F9</UIGlow>ドシスの威力：<UIGlow>01</UIGlow><UIForeground>01</UIForeground>300
<UIForeground>F201F8</UIForeground><UIGlow>F201F9</UIGlow>フレグマの威力：<UIGlow>01</UIGlow><UIForeground>01</UIForeground>400
<UIForeground>F201F8</UIForeground><UIGlow>F201F9</UIGlow>エウクラシア・ドシスの威力：<UIGlow>01</UIGlow><UIForeground>01</UIForeground>40"
373,"自身に<UIForeground>F201F4</UIForeground><UIGlow>F201F5</UIGlow>「アダースティング」<UIGlow>01</UIGlow><UIForeground>01</UIForeground>が付与される。
<UIForeground>F201F8</UIForeground><UIGlow>F201F9</UIGlow>最大スタック数：<UIGlow>01</UIGlow><UIForeground>01</UIForeground>3
<UIForeground>F201F8</UIForeground><UIGlow>F201F9</UIGlow>発動条件：<UIGlow>01</UIGlow><UIForeground>01</UIForeground><UIForeground>F201F4</UIForeground><UIGlow>F201F5</UIGlow>「エウクラシア・ディアグノシス」<UIGlow>01</UIGlow><UIForeground>01</UIForeground>がダメージを完全に吸収して消滅したとき。"
374,"ドシスがドシスIIに変化する。
フレグマがフレグマIIに変化する。
エウクラシア・ドシスがエウクラシア・ドシスIIに変化する。
さらに、トキシコンの威力を300に上昇させる。"
375,"ケーラコレに、「対象のＨＰを継続回復する効果」が付与される。"
376,"ドシスIIがドシスIIIに変化する。
フレグマIIがフレグマIIIに変化する。
エウクラシア・ドシスIIがエウクラシア・ドシスIIIに変化する。
ディスクラシアがディスクラシアIIに変化する。
トキシコンがトキシコンIIに変化する。"
377,"特定のアクションの回復力とバリア効果量を上昇させる。

<UIForeground>F201F8</UIForeground><UIGlow>F201F9</UIGlow>ディアグノシスの回復力：<UIGlow>01</UIGlow><UIForeground>01</UIForeground>450
<UIForeground>F201F8</UIForeground><UIGlow>F201F9</UIGlow>カルディアの回復力：<UIGlow>01</UIGlow><UIForeground>01</UIForeground>170
<UIForeground>F201F8</UIForeground><UIGlow>F201F9</UIGlow>エウクラシア・ディアグノシスのバリア効果量：<UIGlow>01</UIGlow><UIForeground>01</UIForeground>回復量の180％分
<UIForeground>F201F8</UIForeground><UIGlow>F201F9</UIGlow>エウクラシア・プログノシスのバリア効果量：<UIGlow>01</UIGlow><UIForeground>01</UIForeground>回復量の320％分"
378,"ゾーエのリキャストタイムを90秒に短縮する。"
379,"<UIForeground>F201F4</UIForeground><UIGlow>F201F5</UIGlow>「ソウルゲージ」<UIGlow>01</UIGlow><UIForeground>01</UIForeground>が上昇するようになる。
<UIForeground>F201F8</UIForeground><UIGlow>F201F9</UIGlow>発動条件：<UIGlow>01</UIGlow><UIForeground>01</UIForeground>特定のウェポンスキルの命中時と、自身が付与した<UIForeground>F201F4</UIForeground><UIGlow>F201F5</UIGlow>「デスデザイン」<UIGlow>01</UIGlow><UIForeground>01</UIForeground>の効果時間中に対象が倒されたとき。"
380,"特定のアクションの威力を上昇させる。

<UIForeground>F201F8</UIForeground><UIGlow>F201F9</UIGlow>スライスの威力：<UIGlow>01</UIGlow><UIForeground>01</UIForeground>300
<UIForeground>F201F8</UIForeground><UIGlow>F201F9</UIGlow>ワクシングスライスの威力：<UIGlow>01</UIGlow><UIForeground>01</UIForeground>140
<UIForeground>F201F8</UIForeground><UIGlow>F201F9</UIGlow>シャドウ・オブ・デスの威力：<UIGlow>01</UIGlow><UIForeground>01</UIForeground>300
<UIForeground>F201F8</UIForeground><UIGlow>F201F9</UIGlow>ハルパーの威力：<UIGlow>01</UIGlow><UIForeground>01</UIForeground>300
<UIForeground>F201F8</UIForeground><UIGlow>F201F9</UIGlow>スピニングサイズの威力：<UIGlow>01</UIGlow><UIForeground>01</UIForeground>140
<UIForeground>F201F8</UIForeground><UIGlow>F201F9</UIGlow>インファナルスライスの威力：<UIGlow>01</UIGlow><UIForeground>01</UIForeground>140
<UIForeground>F201F8</UIForeground><UIGlow>F201F9</UIGlow>ワーラル・オブ・デスの威力：<UIGlow>01</UIGlow><UIForeground>01</UIForeground>100
<UIForeground>F201F8</UIForeground><UIGlow>F201F9</UIGlow>ナイトメアサイズの威力：<UIGlow>01</UIGlow><UIForeground>01</UIForeground>120"
381,"自身に<UIForeground>F201F4</UIForeground><UIGlow>F201F5</UIGlow>「妖異の鎌」<UIGlow>01</UIGlow><UIForeground>01</UIForeground>が付与される。
<UIForeground>F201F8</UIForeground><UIGlow>F201F9</UIGlow>効果時間：<UIGlow>01</UIGlow><UIForeground>01</UIForeground>30秒
この効果はウェポンスキルや魔法を実行すると解除される。
<UIForeground>F201F8</UIForeground><UIGlow>F201F9</UIGlow>発動条件：<UIGlow>01</UIGlow><UIForeground>01</UIForeground>ストークスウェーズとシーフスウェーズの命中時"
382,"ヘルズイングレスとヘルズイーグレスを実行した地点に<UIForeground>F201F4</UIForeground><UIGlow>F201F5</UIGlow>「ヘルズゲート」<UIGlow>01</UIGlow><UIForeground>01</UIForeground>を生成し、自身に<UIForeground>F201F4</UIForeground><UIGlow>F201F5</UIGlow>「リターン実行可」<UIGlow>01</UIGlow><UIForeground>01</UIForeground>を付与する。
<UIForeground>F201F8</UIForeground><UIGlow>F201F9</UIGlow>効果時間：<UIGlow>01</UIGlow><UIForeground>01</UIForeground>10秒
ヘルズイングレス実行後はヘルズイーグレスがリターンに変化し、ヘルズイーグレス実行後はヘルズイングレスがリターンに変化する。"
383,"ソウルスライスとソウルサイズがチャージアクションに変化する。
<UIForeground>F201F8</UIForeground><UIGlow>F201F9</UIGlow>最大チャージ数：<UIGlow>01</UIGlow><UIForeground>01</UIForeground>2"
384,"<UIForeground>F201F4</UIForeground><UIGlow>F201F5</UIGlow>「シュラウドゲージ」<UIGlow>01</UIGlow><UIForeground>01</UIForeground>が上昇するようになる。
<UIForeground>F201F8</UIForeground><UIGlow>F201F9</UIGlow>発動条件：<UIGlow>01</UIGlow><UIForeground>01</UIForeground>ジビトゥ、ギャロウズ、ギロティンの命中時"
385,"自身と周囲15m以内のパーティメンバーに<UIForeground>F201F4</UIForeground><UIGlow>F201F5</UIGlow>「活性のクレスト」<UIGlow>01</UIGlow><UIForeground>01</UIForeground>を付与する。
<UIForeground>F201F8</UIForeground><UIGlow>F201F9</UIGlow>活性のクレスト効果：<UIGlow>01</UIGlow><UIForeground>01</UIForeground>対象のＨＰを継続回復する。
<UIForeground>F201F8</UIForeground><UIGlow>F201F9</UIGlow>回復力：<UIGlow>01</UIGlow><UIForeground>01</UIForeground>50　<UIForeground>F201F8</UIForeground><UIGlow>F201F9</UIGlow>効果時間：<UIGlow>01</UIGlow><UIForeground>01</UIForeground>15秒
<UIForeground>F201F8</UIForeground><UIGlow>F201F9</UIGlow>発動条件：<UIGlow>01</UIGlow><UIForeground>01</UIForeground>自身に付与された<UIForeground>F201F4</UIForeground><UIGlow>F201F5</UIGlow>「守護のクレスト」<UIGlow>01</UIGlow><UIForeground>01</UIForeground>がダメージを完全に吸収して消滅したとき。"
386,"自身に<UIForeground>F201F4</UIForeground><UIGlow>F201F5</UIGlow>「ヴォイドソウル」<UIGlow>01</UIGlow><UIForeground>01</UIForeground>が付与される。
<UIForeground>F201F8</UIForeground><UIGlow>F201F9</UIGlow>発動条件：<UIGlow>01</UIGlow><UIForeground>01</UIForeground>ヴォイドリーパー、クロスリーパー、グリムリーパーの命中時"
387,"自身と周囲のパーティメンバーに<UIForeground>F201F4</UIForeground><UIGlow>F201F5</UIGlow>「供儀のサークル」<UIGlow>01</UIGlow><UIForeground>01</UIForeground>を付与する。　<UIForeground>F201F8</UIForeground><UIGlow>F201F9</UIGlow>効果時間：<UIGlow>01</UIGlow><UIForeground>01</UIForeground>5秒
<UIForeground>F201F8</UIForeground><UIGlow>F201F9</UIGlow>供儀のサークル効果：<UIGlow>01</UIGlow><UIForeground>01</UIForeground>効果中に対象者がウェポンスキルか魔法による攻撃を命中させると、供儀のサークルを付与したリーパーに<UIForeground>F201F4</UIForeground><UIGlow>F201F5</UIGlow>「死の供物」<UIGlow>01</UIGlow><UIForeground>01</UIForeground>が付与される。
<UIForeground>F201F8</UIForeground><UIGlow>F201F9</UIGlow>最大スタック数：<UIGlow>01</UIGlow><UIForeground>01</UIForeground>8　<UIForeground>F201F8</UIForeground><UIGlow>F201F9</UIGlow>効果時間：<UIGlow>01</UIGlow><UIForeground>01</UIForeground>30秒
<UIForeground>F201F8</UIForeground><UIGlow>F201F9</UIGlow>追加効果：<UIGlow>01</UIGlow><UIForeground>01</UIForeground>自身に<UIForeground>F201F4</UIForeground><UIGlow>F201F5</UIGlow>「死の供儀」<UIGlow>01</UIGlow><UIForeground>01</UIForeground>を付与する。　<UIForeground>F201F8</UIForeground><UIGlow>F201F9</UIGlow>効果時間：<UIGlow>01</UIGlow><UIForeground>01</UIForeground>6秒
<UIForeground>F201F8</UIForeground><UIGlow>F201F9</UIGlow>死の供儀効果：<UIGlow>01</UIGlow><UIForeground>01</UIForeground>自身が供儀のサークルを付与した対象から死の供物を得ることができる。
<UIForeground>F201F8</UIForeground><UIGlow>F201F9</UIGlow>発動条件：<UIGlow>01</UIGlow><UIForeground>01</UIForeground>アルケインサークル実行時"
388,"品質を上げるアクションが成功するたびに、自身に「インナークワイエット」を付与する。
「インナークワイエット」1スタックにつき、品質を上げるアクションの効果が10%上昇する。
最大スタック：10"
389,"品質を上げるアクションが成功するたびに、自身に「インナークワイエット」を付与する。
「インナークワイエット」1スタックにつき、品質を上げるアクションの効果が10%上昇する。
最大スタック：10"
390,"品質を上げるアクションが成功するたびに、自身に「インナークワイエット」を付与する。
「インナークワイエット」1スタックにつき、品質を上げるアクションの効果が10%上昇する。
最大スタック：10"
391,"品質を上げるアクションが成功するたびに、自身に「インナークワイエット」を付与する。
「インナークワイエット」1スタックにつき、品質を上げるアクションの効果が10%上昇する。
最大スタック：10"
392,"品質を上げるアクションが成功するたびに、自身に「インナークワイエット」を付与する。
「インナークワイエット」1スタックにつき、品質を上げるアクションの効果が10%上昇する。
最大スタック：10"
393,"品質を上げるアクションが成功するたびに、自身に「インナークワイエット」を付与する。
「インナークワイエット」1スタックにつき、品質を上げるアクションの効果が10%上昇する。
最大スタック：10"
394,"品質を上げるアクションが成功するたびに、自身に「インナークワイエット」を付与する。
「インナークワイエット」1スタックにつき、品質を上げるアクションの効果が10%上昇する。
最大スタック：10"
395,"品質を上げるアクションが成功するたびに、自身に「インナークワイエット」を付与する。
「インナークワイエット」1スタックにつき、品質を上げるアクションの効果が10%上昇する。
最大スタック：10"
396,"模範作業の効率が180に上昇する。"
397,"模範作業の効率が180に上昇する。"
398,"模範作業の効率が180に上昇する。"
399,"模範作業の効率が180に上昇する。"
400,"模範作業の効率が180に上昇する。"
401,"模範作業の効率が180に上昇する。"
402,"模範作業の効率が180に上昇する。"
403,"模範作業の効率が180に上昇する。"
404,"下地作業の効率が360に上昇する。"
405,"下地作業の効率が360に上昇する。"
406,"下地作業の効率が360に上昇する。"
407,"下地作業の効率が360に上昇する。"
408,"下地作業の効率が360に上昇する。"
409,"下地作業の効率が360に上昇する。"
410,"下地作業の効率が360に上昇する。"
411,"下地作業の効率が360に上昇する。"
412,"シェルトロンがホーリーシェルトロンに変化する。"
413,"インターベンションの効果時間を8秒に延長する。
さらに、下記の効果を追加する。

<UIForeground>F201F8</UIForeground><UIGlow>F201F9</UIGlow>追加効果：<UIGlow>01</UIGlow><UIForeground>01</UIForeground>対象に<UIForeground>F201F4</UIForeground><UIGlow>F201F5</UIGlow>「ナイトの堅守」<UIGlow>01</UIGlow><UIForeground>01</UIForeground>を付与する。
<UIForeground>F201F8</UIForeground><UIGlow>F201F9</UIGlow>効果時間：<UIGlow>01</UIGlow><UIForeground>01</UIForeground>4秒
<UIForeground>F201F8</UIForeground><UIGlow>F201F9</UIGlow>ナイトの堅守効果：<UIGlow>01</UIGlow><UIForeground>01</UIForeground>対象の被ダメージを10％軽減する。
<UIForeground>F201F8</UIForeground><UIGlow>F201F9</UIGlow>追加効果：<UIGlow>01</UIGlow><UIForeground>01</UIForeground>対象に<UIForeground>F201F4</UIForeground><UIGlow>F201F5</UIGlow>「ナイトの加護」<UIGlow>01</UIGlow><UIForeground>01</UIForeground>を付与する。
<UIForeground>F201F8</UIForeground><UIGlow>F201F9</UIGlow>効果時間：<UIGlow>01</UIGlow><UIForeground>01</UIForeground>12秒
<UIForeground>F201F8</UIForeground><UIGlow>F201F9</UIGlow>ナイトの加護効果：<UIGlow>01</UIGlow><UIForeground>01</UIForeground>対象のＨＰを継続回復する。
<UIForeground>F201F8</UIForeground><UIGlow>F201F9</UIGlow>回復力：<UIGlow>01</UIGlow><UIForeground>01</UIForeground>250"
414,"ホーリースピリット、ホーリーサークル、コンフィテオルにＨＰ回復効果を付与する。　<UIForeground>F201F8</UIForeground><UIGlow>F201F9</UIGlow>回復力：<UIGlow>01</UIGlow><UIForeground>01</UIForeground>400"
415,"スピリッツウィズインがエクスピアシオンに変化する。"
416,"ディヴァインヴェールのバリア効果が付与されるときに対象のＨＰを回復する。　<UIForeground>F201F8</UIForeground><UIGlow>F201F9</UIGlow>回復力：<UIGlow>01</UIGlow><UIForeground>01</UIForeground>400"
417,"シェイクオフ実行時に、対象のＨＰを回復させる。
<UIForeground>F201F8</UIForeground><UIGlow>F201F9</UIGlow>回復力：<UIGlow>01</UIGlow><UIForeground>01</UIForeground>300"
418,"原初の直感が原初の血気に変化する。"
419,"原初の猛り実行時に付与する<UIForeground>F201F4</UIForeground><UIGlow>F201F5</UIGlow>「原初の猛り」<UIGlow>01</UIGlow><UIForeground>01</UIForeground>と<UIForeground>F201F4</UIForeground><UIGlow>F201F5</UIGlow>「原初の猛り［被］」<UIGlow>01</UIGlow><UIForeground>01</UIForeground>の効果時間を8秒に延長する。
さらに、<UIForeground>F201F4</UIForeground><UIGlow>F201F5</UIGlow>「原初の猛り［被］」<UIGlow>01</UIGlow><UIForeground>01</UIForeground>に、下記の効果を追加する。

<UIForeground>F201F8</UIForeground><UIGlow>F201F9</UIGlow>追加効果：<UIGlow>01</UIGlow><UIForeground>01</UIForeground>対象に<UIForeground>F201F4</UIForeground><UIGlow>F201F5</UIGlow>「原初の血潮」<UIGlow>01</UIGlow><UIForeground>01</UIForeground>を付与する。
<UIForeground>F201F8</UIForeground><UIGlow>F201F9</UIGlow>効果時間：<UIGlow>01</UIGlow><UIForeground>01</UIForeground>4秒
<UIForeground>F201F8</UIForeground><UIGlow>F201F9</UIGlow>原初の血潮効果：<UIGlow>01</UIGlow><UIForeground>01</UIForeground>対象の被ダメージを10％軽減する。
<UIForeground>F201F8</UIForeground><UIGlow>F201F9</UIGlow>追加効果：<UIGlow>01</UIGlow><UIForeground>01</UIForeground>対象に一定量のダメージを防ぐバリアである<UIForeground>F201F4</UIForeground><UIGlow>F201F5</UIGlow>「原初の血煙」<UIGlow>01</UIGlow><UIForeground>01</UIForeground>を付与する。
<UIForeground>F201F8</UIForeground><UIGlow>F201F9</UIGlow>バリア量：<UIGlow>01</UIGlow><UIForeground>01</UIForeground>回復力400相当　<UIForeground>F201F8</UIForeground><UIGlow>F201F9</UIGlow>効果時間：<UIGlow>01</UIGlow><UIForeground>01</UIForeground>20秒"
420,"エクリブリウム実行時に、自身のＨＰを継続回復する。
<UIForeground>F201F8</UIForeground><UIGlow>F201F9</UIGlow>回復力：<UIGlow>01</UIGlow><UIForeground>01</UIForeground>200　<UIForeground>F201F8</UIForeground><UIGlow>F201F9</UIGlow>効果時間：<UIGlow>01</UIGlow><UIForeground>01</UIForeground>15秒"
421,"オンスロートの最大チャージ数が3に増加する。"
422,"プランジカットのリキャストタイムを5秒短縮する。
<UIForeground>F201F8</UIForeground><UIGlow>F201F9</UIGlow>発動条件：<UIGlow>01</UIGlow><UIForeground>01</UIForeground>一部を除く敵に対するアンメンドの命中時"
423,"英雄の影身が使う漆黒の波動がシャドウブリンガーに変化する。

対象に向かって無属性前方直線範囲魔法攻撃。　<UIForeground>F201F8</UIForeground><UIGlow>F201F9</UIGlow>威力：<UIGlow>01</UIGlow><UIForeground>01</UIForeground>500
2体目以降の対象への威力は25％減少する。"
424,"ハート・オブ・ストーンがハート・オブ・コランダムに変化する。"
425,"オーロラがチャージアクションに変化する。
<UIForeground>F201F8</UIForeground><UIGlow>F201F9</UIGlow>最大チャージ数：<UIGlow>01</UIGlow><UIForeground>01</UIForeground>2"
426,"自身に<UIForeground>F201F4</UIForeground><UIGlow>F201F5</UIGlow>「ハイパーヴェロシティ実行可」<UIGlow>01</UIGlow><UIForeground>01</UIForeground>を付与する。
<UIForeground>F201F8</UIForeground><UIGlow>F201F9</UIGlow>効果時間：<UIGlow>01</UIGlow><UIForeground>01</UIForeground>10秒
<UIForeground>F201F8</UIForeground><UIGlow>F201F9</UIGlow>発動条件：<UIGlow>01</UIGlow><UIForeground>01</UIForeground>バーストストライク実行時"
427,"<UIForeground>F201F4</UIForeground><UIGlow>F201F5</UIGlow>「ソイル」<UIGlow>01</UIGlow><UIForeground>01</UIForeground>の最大スタック数が3に増加する。
さらに、ブラッドソイル実行時に3スタックのソイルが付与されるようになる。"
428,"鉄山靠が陰陽闘気斬に変化する。"
429,"空鳴拳が万象闘気圏に変化する。"
430,"壊神衝が壊神脚に変化する。"
431,"抜重歩法の最大チャージ数が3に増加する。"
432,"自身に付与される<UIForeground>F201F4</UIForeground><UIGlow>F201F5</UIGlow>「桃園結義：闘気」<UIGlow>01</UIGlow><UIForeground>01</UIForeground>による<UIForeground>F201F4</UIForeground><UIGlow>F201F5</UIGlow>「闘気」<UIGlow>01</UIGlow><UIForeground>01</UIForeground>の付与確率を100％に上昇させる。"
433,"自身に<UIForeground>F201F4</UIForeground><UIGlow>F201F5</UIGlow>「壱の型」「弐の型」「参の型」<UIGlow>01</UIGlow><UIForeground>01</UIForeground>のいずれかを付与するウェポンスキルを実行すると、自身に対応する<UIForeground>F201F4</UIForeground><UIGlow>F201F5</UIGlow>「チャクラ」<UIGlow>01</UIGlow><UIForeground>01</UIForeground>が付与されるようになる。
<UIForeground>F201F8</UIForeground><UIGlow>F201F9</UIGlow>壱の型を付与するウェポンスキル：<UIGlow>01</UIGlow><UIForeground>01</UIForeground><UIForeground>F201F4</UIForeground><UIGlow>F201F5</UIGlow>「魔猿のチャクラ」<UIGlow>01</UIGlow><UIForeground>01</UIForeground>が付与される。
<UIForeground>F201F8</UIForeground><UIGlow>F201F9</UIGlow>弐の型を付与するウェポンスキル：<UIGlow>01</UIGlow><UIForeground>01</UIForeground><UIForeground>F201F4</UIForeground><UIGlow>F201F5</UIGlow>「走竜のチャクラ」<UIGlow>01</UIGlow><UIForeground>01</UIForeground>が付与される。
<UIForeground>F201F8</UIForeground><UIGlow>F201F9</UIGlow>参の型を付与するウェポンスキル：<UIGlow>01</UIGlow><UIForeground>01</UIForeground><UIForeground>F201F4</UIForeground><UIGlow>F201F5</UIGlow>「猛虎のチャクラ」<UIGlow>01</UIGlow><UIForeground>01</UIForeground>が付与される。
<UIForeground>F201F8</UIForeground><UIGlow>F201F9</UIGlow>発動条件：<UIGlow>01</UIGlow><UIForeground>01</UIForeground><UIForeground>F201F4</UIForeground><UIGlow>F201F5</UIGlow>「踏鳴」<UIGlow>01</UIGlow><UIForeground>01</UIForeground>効果中"
434,"ジャンプの威力を320に、スパインダイブの威力を250に上昇する。"
435,"クルザントーメントのコンボ成功時に、自身に<UIForeground>F201F4</UIForeground><UIGlow>F201F5</UIGlow>「竜眼」<UIGlow>01</UIGlow><UIForeground>01</UIForeground>を付与する。　<UIForeground>F201F8</UIForeground><UIGlow>F201F9</UIGlow>効果時間：<UIGlow>01</UIGlow><UIForeground>01</UIForeground>30秒
この効果はウェポンスキルによる近接攻撃を実行すると解除される。
効果時間中はドゥームスパイクが<UIForeground>F201F4</UIForeground><UIGlow>F201F5</UIGlow>「竜眼蒼穹」<UIGlow>01</UIGlow><UIForeground>01</UIForeground>に変化する。"
436,"スパインダイブがチャージアクションに変化する。
<UIForeground>F201F8</UIForeground><UIGlow>F201F9</UIGlow>最大チャージ数：<UIGlow>01</UIGlow><UIForeground>01</UIForeground>2"
437,"フルスラストがヘヴンスラストに変化し、桜華狂咲が桜華繚乱に変化する。"
438,"ライフサージがチャージアクションに変化する。
<UIForeground>F201F8</UIForeground><UIGlow>F201F9</UIGlow>最大チャージ数：<UIGlow>01</UIGlow><UIForeground>01</UIForeground>2"
439,"<UIForeground>F201F4</UIForeground><UIGlow>F201F5</UIGlow>「忍気」<UIGlow>01</UIGlow><UIForeground>01</UIForeground>の上昇量が15に増加する。
<UIForeground>F201F8</UIForeground><UIGlow>F201F9</UIGlow>発動条件：<UIGlow>01</UIGlow><UIForeground>01</UIForeground>旋風刃と強甲破点突のコンボ成功時"
440,"自身に<UIForeground>F201F4</UIForeground><UIGlow>F201F5</UIGlow>「命水」<UIGlow>01</UIGlow><UIForeground>01</UIForeground>を付与する。
<UIForeground>F201F8</UIForeground><UIGlow>F201F9</UIGlow>命水効果：<UIGlow>01</UIGlow><UIForeground>01</UIForeground>次に実行する六道輪廻の威力を500に上昇させる。
<UIForeground>F201F8</UIForeground><UIGlow>F201F9</UIGlow>効果時間：<UIGlow>01</UIGlow><UIForeground>01</UIForeground>30秒
<UIForeground>F201F8</UIForeground><UIGlow>F201F9</UIGlow>発動条件：<UIGlow>01</UIGlow><UIForeground>01</UIForeground>命水実行時"
441,"自身に<UIForeground>F201F4</UIForeground><UIGlow>F201F5</UIGlow>「月影雷獣実行可」<UIGlow>01</UIGlow><UIForeground>01</UIForeground>が付与される。
<UIForeground>F201F8</UIForeground><UIGlow>F201F9</UIGlow>最大スタック数：<UIGlow>01</UIGlow><UIForeground>01</UIForeground>3　<UIForeground>F201F8</UIForeground><UIGlow>F201F9</UIGlow>効果時間：<UIGlow>01</UIGlow><UIForeground>01</UIForeground>30秒
この効果はウェポンスキルによる近接攻撃を実行すると解除される。
<UIForeground>F201F8</UIForeground><UIGlow>F201F9</UIGlow>発動条件：<UIGlow>01</UIGlow><UIForeground>01</UIForeground>雷遁の術実行時"
442,"燕返しがチャージアクションに変化する。
<UIForeground>F201F8</UIForeground><UIGlow>F201F9</UIGlow>最大チャージ数：<UIGlow>01</UIGlow><UIForeground>01</UIForeground>2"
443,"明鏡止水がチャージアクションに変化する。
<UIForeground>F201F8</UIForeground><UIGlow>F201F9</UIGlow>最大チャージ数：<UIGlow>01</UIGlow><UIForeground>01</UIForeground>2"
444,"クイックノックがラドンバイトに変化する。"
445,"ブラッドレッターとレイン・オブ・デスの最大チャージ数が3に増加する。"
446,"自身に<UIForeground>F201F4</UIForeground><UIGlow>F201F5</UIGlow>「ブラストアロー実行可」<UIGlow>01</UIGlow><UIForeground>01</UIForeground>が付与される。
<UIForeground>F201F8</UIForeground><UIGlow>F201F9</UIGlow>効果時間：<UIGlow>01</UIGlow><UIForeground>01</UIForeground>10秒
この効果が付与されるとエイペックスアローがブラストアローに変化する。
<UIForeground>F201F8</UIForeground><UIGlow>F201F9</UIGlow>発動条件：<UIGlow>01</UIGlow><UIForeground>01</UIForeground>ソウルボイスが80以上蓄積された状態でエイペックスアローを使用したとき。"
447,"トルバドゥールのリキャストタイムを90秒に短縮させる。"
448,"賢人のバラード、軍神のパイオン、旅神のメヌエットの実行時に、自身に対応した<UIForeground>F201F4</UIForeground><UIGlow>F201F5</UIGlow>「コーダシンボル」<UIGlow>01</UIGlow><UIForeground>01</UIForeground>が付与されるようになる。
<UIForeground>F201F8</UIForeground><UIGlow>F201F9</UIGlow>賢人のバラード実行時：<UIGlow>01</UIGlow><UIForeground>01</UIForeground><UIForeground>F201F4</UIForeground><UIGlow>F201F5</UIGlow>「賢人のコーダ」<UIGlow>01</UIGlow><UIForeground>01</UIForeground>が付与される。
<UIForeground>F201F8</UIForeground><UIGlow>F201F9</UIGlow>軍神のパイオン実行時：<UIGlow>01</UIGlow><UIForeground>01</UIForeground><UIForeground>F201F4</UIForeground><UIGlow>F201F5</UIGlow>「軍神のコーダ」<UIGlow>01</UIGlow><UIForeground>01</UIForeground>が付与される。
<UIForeground>F201F8</UIForeground><UIGlow>F201F9</UIGlow>旅神のメヌエット実行時：<UIGlow>01</UIGlow><UIForeground>01</UIForeground><UIForeground>F201F4</UIForeground><UIGlow>F201F5</UIGlow>「旅神のコーダ」<UIGlow>01</UIGlow><UIForeground>01</UIForeground>が付与される。"
449,"スプレッドショットがスキャッターガンに変化する。"
450,"整備がチャージアクションに変化する。
<UIForeground>F201F8</UIForeground><UIGlow>F201F9</UIGlow>最大チャージ数：<UIGlow>01</UIGlow><UIForeground>01</UIForeground>2"
451,"オートマトン・クイーンがクイーン・パイルバンカーを実行した後に、クイーン・コレダーを実行してから帰還するようになる。"
452,"タクティシャンのリキャストタイムを90秒に短縮させる。"
453,"自身に<UIForeground>F201F4</UIForeground><UIGlow>F201F5</UIGlow>「ティラナ実行可」<UIGlow>01</UIGlow><UIForeground>01</UIForeground>が付与されるようになる。
<UIForeground>F201F8</UIForeground><UIGlow>F201F9</UIGlow>効果時間：<UIGlow>01</UIGlow><UIForeground>01</UIForeground>30秒
この効果が付与されるとテクニカルフィニッシュがティラナに変化する。
<UIForeground>F201F8</UIForeground><UIGlow>F201F9</UIGlow>発動条件：<UIGlow>01</UIGlow><UIForeground>01</UIForeground>テクニカルフィニッシュ成功時"
454,"<UIForeground>F201F4</UIForeground><UIGlow>F201F5</UIGlow>「エスプリ」<UIGlow>01</UIGlow><UIForeground>01</UIForeground>の上昇量が10に増加する。
<UIForeground>F201F8</UIForeground><UIGlow>F201F9</UIGlow>発動条件：<UIGlow>01</UIGlow><UIForeground>01</UIForeground>リバースカスケード、ファウンテンフォール、ライジングウィンドミル、ブラッドシャワーの命中時"
455,"自身に<UIForeground>F201F4</UIForeground><UIGlow>F201F5</UIGlow>「扇の舞い【終】実行可」<UIGlow>01</UIGlow><UIForeground>01</UIForeground>が付与されるようになる。
<UIForeground>F201F8</UIForeground><UIGlow>F201F9</UIGlow>効果時間：<UIGlow>01</UIGlow><UIForeground>01</UIForeground>30秒
<UIForeground>F201F8</UIForeground><UIGlow>F201F9</UIGlow>発動条件：<UIGlow>01</UIGlow><UIForeground>01</UIForeground>フラリッシュ実行時"
456,"守りのサンバのリキャストタイムを90秒に短縮させる。"
457,"自身に<UIForeground>F201F4</UIForeground><UIGlow>F201F5</UIGlow>「流星の舞い実行可」<UIGlow>01</UIGlow><UIForeground>01</UIForeground>が付与されるようになる。
<UIForeground>F201F8</UIForeground><UIGlow>F201F9</UIGlow>効果時間：<UIGlow>01</UIGlow><UIForeground>01</UIForeground>20秒
<UIForeground>F201F8</UIForeground><UIGlow>F201F9</UIGlow>発動条件：<UIGlow>01</UIGlow><UIForeground>01</UIForeground>攻めのタンゴ実行時"
458,"<UIForeground>F201F4</UIForeground><UIGlow>F201F5</UIGlow>「アストラルファイア」<UIGlow>01</UIGlow><UIForeground>01</UIForeground>および<UIForeground>F201F4</UIForeground><UIGlow>F201F5</UIGlow>「アンブラルブリザード」<UIGlow>01</UIGlow><UIForeground>01</UIForeground>の最大スタック数が2に増加する。"
459,"<UIForeground>F201F4</UIForeground><UIGlow>F201F5</UIGlow>「アストラルファイア」<UIGlow>01</UIGlow><UIForeground>01</UIForeground>および<UIForeground>F201F4</UIForeground><UIGlow>F201F5</UIGlow>「アンブラルブリザード」<UIGlow>01</UIGlow><UIForeground>01</UIForeground>の最大スタック数が3に増加する。
3スタックした状態では、反対属性の魔法の詠唱時間が半減する。
また、ファイラ実行時に自身に最大スタック分の<UIForeground>F201F4</UIForeground><UIGlow>F201F5</UIGlow>「アストラルファイア」<UIGlow>01</UIGlow><UIForeground>01</UIForeground>が、ブリザラ実行時に自身に最大スタック分の<UIForeground>F201F4</UIForeground><UIGlow>F201F5</UIGlow>「アンブラルブリザード」<UIGlow>01</UIGlow><UIForeground>01</UIForeground>が付与されるようになる。"
460,"自身の与魔法ダメージを5％上昇させる。
<UIForeground>F201F8</UIForeground><UIGlow>F201F9</UIGlow>発動条件：<UIGlow>01</UIGlow><UIForeground>01</UIForeground><UIForeground>F201F4</UIForeground><UIGlow>F201F5</UIGlow>「アストラルファイア」<UIGlow>01</UIGlow><UIForeground>01</UIForeground>または<UIForeground>F201F4</UIForeground><UIGlow>F201F5</UIGlow>「アンブラルブリザード」<UIGlow>01</UIGlow><UIForeground>01</UIForeground>効果中
さらに、アストラルファイア効果中にファイラを命中させると、自身に<UIForeground>F201F4</UIForeground><UIGlow>F201F5</UIGlow>「フレア効果アップ」<UIGlow>01</UIGlow><UIForeground>01</UIForeground>を付与する。
この効果はアストラルファイアの効果が切れると解除される。"
461,"ファウルを詠唱時間なしで実行することができる。"
462,"ファイラがハイファイラに、ブリザラがハイブリザラに変化する。"
463,"マナフォントのリキャストタイムを120秒に短縮させる。"
464,"激成魔がチャージアクションに変化する。
<UIForeground>F201F8</UIForeground><UIGlow>F201F9</UIGlow>最大チャージ数：<UIGlow>01</UIGlow><UIForeground>01</UIForeground>2"
465,"自身に<UIForeground>F201F4</UIForeground><UIGlow>F201F5</UIGlow>「パラドックスシンボル」<UIGlow>01</UIGlow><UIForeground>01</UIForeground>が付与される。
この効果が付与されるとブリザドとファイアがパラドックスに変化する。
<UIForeground>F201F8</UIForeground><UIGlow>F201F9</UIGlow>発動条件：<UIGlow>01</UIGlow><UIForeground>01</UIForeground>自身に<UIForeground>F201F4</UIForeground><UIGlow>F201F5</UIGlow>「アストラルファイア」<UIGlow>01</UIGlow><UIForeground>01</UIForeground>もしくは<UIForeground>F201F4</UIForeground><UIGlow>F201F5</UIGlow>「アンブラルブリザード」<UIGlow>01</UIGlow><UIForeground>01</UIForeground>と<UIForeground>F201F4</UIForeground><UIGlow>F201F5</UIGlow>「アンブラルハート」<UIGlow>01</UIGlow><UIForeground>01</UIForeground>が最大スタック数まで付与された状態で、自身の状態が反対属性に変化したとき。"
466,"自身に<UIForeground>F201F4</UIForeground><UIGlow>F201F5</UIGlow>「ルビーの神秘」<UIGlow>01</UIGlow><UIForeground>01</UIForeground>と<UIForeground>F201F4</UIForeground><UIGlow>F201F5</UIGlow>「トパーズの神秘」<UIGlow>01</UIGlow><UIForeground>01</UIForeground>を付与する。
<UIForeground>F201F8</UIForeground><UIGlow>F201F9</UIGlow>発動条件：<UIGlow>01</UIGlow><UIForeground>01</UIForeground>エーテルチャージ実行時"
467,"自身に<UIForeground>F201F4</UIForeground><UIGlow>F201F5</UIGlow>「ルビーの神秘」「トパーズの神秘」「エメラルドの神秘」<UIGlow>01</UIGlow><UIForeground>01</UIForeground>を付与する。
<UIForeground>F201F8</UIForeground><UIGlow>F201F9</UIGlow>発動条件：<UIGlow>01</UIGlow><UIForeground>01</UIForeground>エーテルチャージ実行時"
468,"サモン・ルビーがサモン・イフリートに変化する。"
469,"サモン・トパーズがサモン・タイタンに変化する。"
470,"サモン・エメラルドがサモン・ガルーダに変化する。"
471,"<UIForeground>F201F4</UIForeground><UIGlow>F201F5</UIGlow>「サモン・イフリート」「サモン・タイタン」「サモン・ガルーダ」<UIGlow>01</UIGlow><UIForeground>01</UIForeground>により召喚するエギの実行するアクションが変化する。
<UIForeground>F201F8</UIForeground><UIGlow>F201F9</UIGlow>イフリート・エギ：<UIGlow>01</UIGlow><UIForeground>01</UIForeground>バーニングストライクが地獄の火炎に変化する。
<UIForeground>F201F8</UIForeground><UIGlow>F201F9</UIGlow>タイタン・エギ：<UIGlow>01</UIGlow><UIForeground>01</UIForeground>ロックバスターが大地の怒りに変化する。
<UIForeground>F201F8</UIForeground><UIGlow>F201F9</UIGlow>ガルーダ・エギ：<UIGlow>01</UIGlow><UIForeground>01</UIForeground>エリアルスラッシュがエリアルブラストに変化する。"
472,""
473,"ルインラがルインガに変化する。"
474,"エーテルチャージがトランス・バハムートに変化する。"
475,"自身に<UIForeground>F201F4</UIForeground><UIGlow>F201F5</UIGlow>「ルインジャ実行可」<UIGlow>01</UIGlow><UIForeground>01</UIForeground>が付与されるようになる。
<UIForeground>F201F8</UIForeground><UIGlow>F201F9</UIGlow>発動条件：<UIGlow>01</UIGlow><UIForeground>01</UIForeground>エナジードレインとエナジーサイフォン実行時"
476,"自身に付与されている<UIForeground>F201F4</UIForeground><UIGlow>F201F5</UIGlow>「エーテル」<UIGlow>01</UIGlow><UIForeground>01</UIForeground>によりジェムシャインが変化する。
<UIForeground>F201F8</UIForeground><UIGlow>F201F9</UIGlow>ファイアエーテル効果中：<UIGlow>01</UIGlow><UIForeground>01</UIForeground>ルビー・リチュアルに変化する。
<UIForeground>F201F8</UIForeground><UIGlow>F201F9</UIGlow>アースエーテル効果中：<UIGlow>01</UIGlow><UIForeground>01</UIForeground>トパーズ・リチュアルに変化する。
<UIForeground>F201F8</UIForeground><UIGlow>F201F9</UIGlow>ウィンドエーテル効果中：<UIGlow>01</UIGlow><UIForeground>01</UIForeground>エメラルド・リチュアルに変化する。"
477,"アウトバーストがトライディザスターに変化する。"
478,"自身に付与されている<UIForeground>F201F4</UIForeground><UIGlow>F201F5</UIGlow>「エーテル」<UIGlow>01</UIGlow><UIForeground>01</UIForeground>によりジェムブリリアンスが変化する。
<UIForeground>F201F8</UIForeground><UIGlow>F201F9</UIGlow>ファイアエーテル効果中：<UIGlow>01</UIGlow><UIForeground>01</UIForeground>ルビー・カタストロフィに変化する。
<UIForeground>F201F8</UIForeground><UIGlow>F201F9</UIGlow>アースエーテル効果中：<UIGlow>01</UIGlow><UIForeground>01</UIForeground>トパーズ・カタストロフィに変化する。
<UIForeground>F201F8</UIForeground><UIGlow>F201F9</UIGlow>ウィンドエーテル効果中：<UIGlow>01</UIGlow><UIForeground>01</UIForeground>エメラルド・カタストロフィに変化する。"
479,"ルインガ、ルビー・リチュアル、トパーズ・リチュアル、エメラルド・リチュアルの威力を上昇させる。

<UIForeground>F201F8</UIForeground><UIGlow>F201F9</UIGlow>ルインガの威力：<UIGlow>01</UIGlow><UIForeground>01</UIForeground>310
<UIForeground>F201F8</UIForeground><UIGlow>F201F9</UIGlow>ルビー・リチュアルの威力：<UIGlow>01</UIGlow><UIForeground>01</UIForeground>510
<UIForeground>F201F8</UIForeground><UIGlow>F201F9</UIGlow>トパーズ・リチュアルの威力：<UIGlow>01</UIGlow><UIForeground>01</UIForeground>330
<UIForeground>F201F8</UIForeground><UIGlow>F201F9</UIGlow>エメラルド・リチュアルの威力：<UIGlow>01</UIGlow><UIForeground>01</UIForeground>230"
480,"守りの光がチャージアクションに変化する。
<UIForeground>F201F8</UIForeground><UIGlow>F201F9</UIGlow>最大チャージ数：<UIGlow>01</UIGlow><UIForeground>01</UIForeground>2"
481,"サモン・イフリートがサモン・イフリートIIに、サモン・タイタンがサモン・タイタンIIに、サモン・ガルーダがサモン・ガルーダIIに変化する。"
482,"自身に<UIForeground>F201F4</UIForeground><UIGlow>F201F5</UIGlow>「マナスタック」<UIGlow>01</UIGlow><UIForeground>01</UIForeground>が付与される。
<UIForeground>F201F8</UIForeground><UIGlow>F201F9</UIGlow>最大スタック数：<UIGlow>01</UIGlow><UIForeground>01</UIForeground>3
3スタック付与されるとヴァルサンダーとヴァルサンダラがヴァルフレアに変化する。
さらに、ヴァルホーリーを修得するとヴァルエアロとヴァルエアロラがヴァルホーリーに変化するようになる。
<UIForeground>F201F8</UIForeground><UIGlow>F201F9</UIGlow>発動条件：<UIGlow>01</UIGlow><UIForeground>01</UIForeground>エンリポスト、エンツヴェルクハウ、エンルドゥブルマン、エンムーリネの命中時"
483,"ヴァルサンダーがヴァルサンダガに、ヴァルエアロがヴァルエアロガに変化する。
自身に<UIForeground>F201F4</UIForeground><UIGlow>F201F5</UIGlow>「マナスタック」<UIGlow>01</UIGlow><UIForeground>01</UIForeground>が3スタック付与されると、ヴァルサンダガがヴァルフレアに、ヴァルエアロガがヴァルホーリーに変化するようになる。"
484,"特定のアクションの威力を上昇させる。

<UIForeground>F201F8</UIForeground><UIGlow>F201F9</UIGlow>ヴァルサンダラの威力：<UIGlow>01</UIGlow><UIForeground>01</UIForeground>140
<UIForeground>F201F8</UIForeground><UIGlow>F201F9</UIGlow>ヴァルエアロラの威力：<UIGlow>01</UIGlow><UIForeground>01</UIForeground>140
<UIForeground>F201F8</UIForeground><UIGlow>F201F9</UIGlow>ヴァルファイアの威力：<UIGlow>01</UIGlow><UIForeground>01</UIForeground>330
<UIForeground>F201F8</UIForeground><UIGlow>F201F9</UIGlow>ヴァルストーンの威力：<UIGlow>01</UIGlow><UIForeground>01</UIForeground>330
<UIForeground>F201F8</UIForeground><UIGlow>F201F9</UIGlow>ジョルラの威力：<UIGlow>01</UIGlow><UIForeground>01</UIForeground>310
<UIForeground>F201F8</UIForeground><UIGlow>F201F9</UIGlow>インパクトの威力：<UIGlow>01</UIGlow><UIForeground>01</UIForeground>210
<UIForeground>F201F8</UIForeground><UIGlow>F201F9</UIGlow>エンルプリーズの威力：<UIGlow>01</UIGlow><UIForeground>01</UIForeground>330"
485,"アクセラレーションがチャージアクションに変化する。
<UIForeground>F201F8</UIForeground><UIGlow>F201F9</UIGlow>最大チャージ数：<UIGlow>01</UIGlow><UIForeground>01</UIForeground>2"
486,"マナフィケーションの最大スタック数を6に増加する。"
487,"グレアがグレアガに変化する。"
488,"ホーリーがホーリガに変化する。"
489,"特定のアクションの回復力を上昇させる。

<UIForeground>F201F8</UIForeground><UIGlow>F201F9</UIGlow>ケアルの回復力：<UIGlow>01</UIGlow><UIForeground>01</UIForeground>500
<UIForeground>F201F8</UIForeground><UIGlow>F201F9</UIGlow>メディカの回復力：<UIGlow>01</UIGlow><UIForeground>01</UIForeground>400
<UIForeground>F201F8</UIForeground><UIGlow>F201F9</UIGlow>ケアルラの回復力：<UIGlow>01</UIGlow><UIForeground>01</UIForeground>800
<UIForeground>F201F8</UIForeground><UIGlow>F201F9</UIGlow>リジェネの継続回復効果の回復力：<UIGlow>01</UIGlow><UIForeground>01</UIForeground>250
<UIForeground>F201F8</UIForeground><UIGlow>F201F9</UIGlow>ケアルガの回復力：<UIGlow>01</UIGlow><UIForeground>01</UIForeground>600
<UIForeground>F201F8</UIForeground><UIGlow>F201F9</UIGlow>メディカラの回復力：<UIGlow>01</UIGlow><UIForeground>01</UIForeground>250
<UIForeground>F201F8</UIForeground><UIGlow>F201F9</UIGlow>メディカラの継続回復効果の回復力：<UIGlow>01</UIGlow><UIForeground>01</UIForeground>150
<UIForeground>F201F8</UIForeground><UIGlow>F201F9</UIGlow>ハート・オブ・ソラスの回復力：<UIGlow>01</UIGlow><UIForeground>01</UIForeground>800
<UIForeground>F201F8</UIForeground><UIGlow>F201F9</UIGlow>ハート・オブ・ラプチャーの回復力：<UIGlow>01</UIGlow><UIForeground>01</UIForeground>400"
490,"ディヴァインベニゾンがチャージアクションに変化する。
<UIForeground>F201F8</UIForeground><UIGlow>F201F9</UIGlow>最大チャージ数：<UIGlow>01</UIGlow><UIForeground>01</UIForeground>2"
491,"死炎法が極炎法に変化する。
さらに、ルインラの威力を220に上昇させる。"
492,"破陣法が裂陣法に変化する。"
493,"特定のアクションの回復力とバリア効果量を上昇させる。

<UIForeground>F201F8</UIForeground><UIGlow>F201F9</UIGlow>フィジクの回復力：<UIGlow>01</UIGlow><UIForeground>01</UIForeground>450
<UIForeground>F201F8</UIForeground><UIGlow>F201F9</UIGlow>光の癒しの回復力：<UIGlow>01</UIGlow><UIForeground>01</UIForeground>180
<UIForeground>F201F8</UIForeground><UIGlow>F201F9</UIGlow>鼓舞激励の策のバリア効果量：<UIGlow>01</UIGlow><UIForeground>01</UIForeground>回復量の180％分
<UIForeground>F201F8</UIForeground><UIGlow>F201F9</UIGlow>士気高揚の策のバリア効果量：<UIGlow>01</UIGlow><UIForeground>01</UIForeground>回復量の160％分
<UIForeground>F201F8</UIForeground><UIGlow>F201F9</UIGlow>セラフィックヴェールの回復力：<UIGlow>01</UIGlow><UIForeground>01</UIForeground>180"
494,"展開戦術のリキャストタイムを90秒に短縮させる。"
495,"自身に<UIForeground>F201F4</UIForeground><UIGlow>F201F5</UIGlow>「リドロー実行可」<UIGlow>01</UIGlow><UIForeground>01</UIForeground>が付与されるようになる。
<UIForeground>F201F8</UIForeground><UIGlow>F201F9</UIGlow>効果時間：<UIGlow>01</UIGlow><UIForeground>01</UIForeground>永続
<UIForeground>F201F8</UIForeground><UIGlow>F201F9</UIGlow>発動条件：<UIGlow>01</UIGlow><UIForeground>01</UIForeground>ドロー実行時"
496,"自身に<UIForeground>F201F4</UIForeground><UIGlow>F201F5</UIGlow>「太陽」「月」「星」<UIGlow>01</UIGlow><UIForeground>01</UIForeground>のいずれかのアストロサインが付与されるようになる。
<UIForeground>F201F8</UIForeground><UIGlow>F201F9</UIGlow>発動条件：<UIGlow>01</UIGlow><UIForeground>01</UIForeground>ドローにより引いたカードアクションを自身が戦闘状態で実行したとき。"
497,"マレフィジャがフォールマレフィクに変化する。"
498,"グラビデがグラビラに変化する。"
499,"特定のアクションの回復力を上昇させる。

<UIForeground>F201F8</UIForeground><UIGlow>F201F9</UIGlow>ベネフィクの回復力：<UIGlow>01</UIGlow><UIForeground>01</UIForeground>500
<UIForeground>F201F8</UIForeground><UIGlow>F201F9</UIGlow>ヘリオスの回復力：<UIGlow>01</UIGlow><UIForeground>01</UIForeground>400
<UIForeground>F201F8</UIForeground><UIGlow>F201F9</UIGlow>ベネフィラの回復力：<UIGlow>01</UIGlow><UIForeground>01</UIForeground>800
<UIForeground>F201F8</UIForeground><UIGlow>F201F9</UIGlow>アスペクト・ベネフィクの回復力：<UIGlow>01</UIGlow><UIForeground>01</UIForeground>250
<UIForeground>F201F8</UIForeground><UIGlow>F201F9</UIGlow>アスペクト・ベネフィクの継続回復効果の回復力：<UIGlow>01</UIGlow><UIForeground>01</UIForeground>250
<UIForeground>F201F8</UIForeground><UIGlow>F201F9</UIGlow>アスペクト・ヘリオスの回復力：<UIGlow>01</UIGlow><UIForeground>01</UIForeground>250
<UIForeground>F201F8</UIForeground><UIGlow>F201F9</UIGlow>アスペクト・ヘリオスの継続回復効果の回復力：<UIGlow>01</UIGlow><UIForeground>01</UIForeground>150"
500,"星天交差がチャージアクションに変化する。
<UIForeground>F201F8</UIForeground><UIGlow>F201F9</UIGlow>最大チャージ数：<UIGlow>01</UIGlow><UIForeground>01</UIForeground>2"
501,"宙泉を釣り場としてキャスト実行可能になる。"
502,"サモン・バハムートがサモン・フェニックスに変化する。
<UIForeground>F201F8</UIForeground><UIGlow>F201F9</UIGlow>発動条件：<UIGlow>01</UIGlow><UIForeground>01</UIForeground>デミ・バハムートの帰還後"
503,"特定のアクションの実行時にアストラルフロウが変化する。
<UIForeground>F201F8</UIForeground><UIGlow>F201F9</UIGlow>サモン・イフリート実行時：<UIGlow>01</UIGlow><UIForeground>01</UIForeground>クリムゾンサイクロンに変化する。
<UIForeground>F201F8</UIForeground><UIGlow>F201F9</UIGlow>トパーズ・リチュアルおよびトパーズ・カタストロフィ実行時：<UIGlow>01</UIGlow><UIForeground>01</UIForeground>マウンテンバスターに変化する。
<UIForeground>F201F8</UIForeground><UIGlow>F201F9</UIGlow>サモン・ガルーダ実行時：<UIGlow>01</UIGlow><UIForeground>01</UIForeground>スリップストリームに変化する。"
504,"特定のアクションの威力を上昇させる。

<UIForeground>F201F8</UIForeground><UIGlow>F201F9</UIGlow>ファストブレードの威力：<UIGlow>01</UIGlow><UIForeground>01</UIForeground>200
<UIForeground>F201F8</UIForeground><UIGlow>F201F9</UIGlow>ライオットソードの威力：<UIGlow>01</UIGlow><UIForeground>01</UIForeground>170
<UIForeground>F201F8</UIForeground><UIGlow>F201F9</UIGlow>ロイヤルアソリティの威力：<UIGlow>01</UIGlow><UIForeground>01</UIForeground>130
<UIForeground>F201F8</UIForeground><UIGlow>F201F9</UIGlow>ホーリースピリットの威力：<UIGlow>01</UIGlow><UIForeground>01</UIForeground>300
<UIForeground>F201F8</UIForeground><UIGlow>F201F9</UIGlow>ロイエの威力：<UIGlow>01</UIGlow><UIForeground>01</UIForeground>420"
505,"特定のアクションの威力を上昇させる。

<UIForeground>F201F8</UIForeground><UIGlow>F201F9</UIGlow>ヘヴィスウィングの威力：<UIGlow>01</UIGlow><UIForeground>01</UIForeground>200
<UIForeground>F201F8</UIForeground><UIGlow>F201F9</UIGlow>メイムの威力：<UIGlow>01</UIGlow><UIForeground>01</UIForeground>150
<UIForeground>F201F8</UIForeground><UIGlow>F201F9</UIGlow>シュトルムヴィントの威力：<UIGlow>01</UIGlow><UIForeground>01</UIForeground>150
<UIForeground>F201F8</UIForeground><UIGlow>F201F9</UIGlow>シュトルムブレハの威力：<UIGlow>01</UIGlow><UIForeground>01</UIForeground>150"
506,"特定のアクションの威力を上昇させる。

<UIForeground>F201F8</UIForeground><UIGlow>F201F9</UIGlow>ハードスラッシュの威力：<UIGlow>01</UIGlow><UIForeground>01</UIForeground>170
<UIForeground>F201F8</UIForeground><UIGlow>F201F9</UIGlow>サイフォンストライクの威力：<UIGlow>01</UIGlow><UIForeground>01</UIForeground>120
<UIForeground>F201F8</UIForeground><UIGlow>F201F9</UIGlow>ソウルイーターの威力：<UIGlow>01</UIGlow><UIForeground>01</UIForeground>120"
507,"特定のアクションの威力を上昇させる。

<UIForeground>F201F8</UIForeground><UIGlow>F201F9</UIGlow>キーンエッジの威力：<UIGlow>01</UIGlow><UIForeground>01</UIForeground>170
<UIForeground>F201F8</UIForeground><UIGlow>F201F9</UIGlow>ブルータルシェルの威力：<UIGlow>01</UIGlow><UIForeground>01</UIForeground>130
<UIForeground>F201F8</UIForeground><UIGlow>F201F9</UIGlow>ソリッドバレルの威力：<UIGlow>01</UIGlow><UIForeground>01</UIForeground>140"
508,"ゲイルスコグルの威力を260に、ナーストレンドの威力を360に上昇する。
また、竜眼雷電および竜眼蒼穹の実行に成功すると、自身に<UIForeground>F201F4</UIForeground><UIGlow>F201F5</UIGlow>「天竜眼」<UIGlow>01</UIGlow><UIForeground>01</UIForeground>を付与する。
<UIForeground>F201F8</UIForeground><UIGlow>F201F9</UIGlow>最大スタック数：<UIGlow>01</UIGlow><UIForeground>01</UIForeground>2"
509,"エノキアンの効果量を20％に上昇させる。"
510,"ピュシスがピュシスIIに変化する。"
511,"英雄の影身による攻撃の威力が350に上昇する。"
512,"爆裂脚が鳳凰の舞に変化する。"
513,"闘魂旋風脚が夢幻闘舞に変化する。"
514,"自身に<UIForeground>F201F4</UIForeground><UIGlow>F201F5</UIGlow>「奥義波切実行可」<UIGlow>01</UIGlow><UIForeground>01</UIForeground>を付与する。
<UIForeground>F201F8</UIForeground><UIGlow>F201F9</UIGlow>効果時間：<UIGlow>01</UIGlow><UIForeground>01</UIForeground>30秒
<UIForeground>F201F8</UIForeground><UIGlow>F201F9</UIGlow>発動条件：<UIGlow>01</UIGlow><UIForeground>01</UIForeground>意気衝天実行時"
515,"終撃が夢幻三段に変化する。"
516,"特定のアクションの威力を上昇させる。

<UIForeground>F201F8</UIForeground><UIGlow>F201F9</UIGlow>風断ちの威力：<UIGlow>01</UIGlow><UIForeground>01</UIForeground>120
<UIForeground>F201F8</UIForeground><UIGlow>F201F9</UIGlow>旋風刃の威力：<UIGlow>01</UIGlow><UIForeground>01</UIForeground>140
<UIForeground>F201F8</UIForeground><UIGlow>F201F9</UIGlow>強甲破点突の威力：<UIGlow>01</UIGlow><UIForeground>01</UIForeground>140"
517,"特定のアクションの威力を上昇させる。

<UIForeground>F201F8</UIForeground><UIGlow>F201F9</UIGlow>ヒートスプリットショットの威力：<UIGlow>01</UIGlow><UIForeground>01</UIForeground>200
<UIForeground>F201F8</UIForeground><UIGlow>F201F9</UIGlow>ヒートスラッグショットの威力：<UIGlow>01</UIGlow><UIForeground>01</UIForeground>120
<UIForeground>F201F8</UIForeground><UIGlow>F201F9</UIGlow>ヒートクリーンショットの威力：<UIGlow>01</UIGlow><UIForeground>01</UIForeground>110"
518,"特定のアクションの威力を上昇させる。

<UIForeground>F201F8</UIForeground><UIGlow>F201F9</UIGlow>連撃の威力：<UIGlow>01</UIGlow><UIForeground>01</UIForeground>210
<UIForeground>F201F8</UIForeground><UIGlow>F201F9</UIGlow>正拳突きの威力：<UIGlow>01</UIGlow><UIForeground>01</UIForeground>300
<UIForeground>F201F8</UIForeground><UIGlow>F201F9</UIGlow>崩拳の威力：<UIGlow>01</UIGlow><UIForeground>01</UIForeground>250
<UIForeground>F201F8</UIForeground><UIGlow>F201F9</UIGlow>双掌打の威力：<UIGlow>01</UIGlow><UIForeground>01</UIForeground>280
<UIForeground>F201F8</UIForeground><UIGlow>F201F9</UIGlow>破砕拳の威力：<UIGlow>01</UIGlow><UIForeground>01</UIForeground>70
<UIForeground>F201F8</UIForeground><UIGlow>F201F9</UIGlow>双竜脚の威力：<UIGlow>01</UIGlow><UIForeground>01</UIForeground>320
<UIForeground>F201F8</UIForeground><UIGlow>F201F9</UIGlow>陰陽闘気斬の威力：<UIGlow>01</UIGlow><UIForeground>01</UIForeground>340
<UIForeground>F201F8</UIForeground><UIGlow>F201F9</UIGlow>六合星導脚の威力：<UIGlow>01</UIGlow><UIForeground>01</UIForeground>550"
519,"風雅が風光に変化する。"
520,"特定のアクションの威力を上昇させる。

<UIForeground>F201F8</UIForeground><UIGlow>F201F9</UIGlow>刃風の威力：<UIGlow>01</UIGlow><UIForeground>01</UIForeground>200
<UIForeground>F201F8</UIForeground><UIGlow>F201F9</UIGlow>陣風の威力：<UIGlow>01</UIGlow><UIForeground>01</UIForeground>120
<UIForeground>F201F8</UIForeground><UIGlow>F201F9</UIGlow>士風の威力：<UIGlow>01</UIGlow><UIForeground>01</UIForeground>120"
521,"特定のアクションの威力を上昇させる。

<UIForeground>F201F8</UIForeground><UIGlow>F201F9</UIGlow>月光の威力：<UIGlow>01</UIGlow><UIForeground>01</UIForeground>120
<UIForeground>F201F8</UIForeground><UIGlow>F201F9</UIGlow>花車の威力：<UIGlow>01</UIGlow><UIForeground>01</UIForeground>120
<UIForeground>F201F8</UIForeground><UIGlow>F201F9</UIGlow>雪風の威力：<UIGlow>01</UIGlow><UIForeground>01</UIForeground>120"
522,"特定のアクションの威力を上昇させる。

<UIForeground>F201F8</UIForeground><UIGlow>F201F9</UIGlow>双刃旋の威力：<UIGlow>01</UIGlow><UIForeground>01</UIForeground>220
<UIForeground>F201F8</UIForeground><UIGlow>F201F9</UIGlow>風断ちの威力：<UIGlow>01</UIGlow><UIForeground>01</UIForeground>160"
523,"特定のアクションの威力を上昇させる。

<UIForeground>F201F8</UIForeground><UIGlow>F201F9</UIGlow>スライスの威力：<UIGlow>01</UIGlow><UIForeground>01</UIForeground>320
<UIForeground>F201F8</UIForeground><UIGlow>F201F9</UIGlow>ワクシングスライスの威力：<UIGlow>01</UIGlow><UIForeground>01</UIForeground>160
<UIForeground>F201F8</UIForeground><UIGlow>F201F9</UIGlow>インファナルスライスの威力：<UIGlow>01</UIGlow><UIForeground>01</UIForeground>180"
524,""
525,""
526,""
527,""
528,""
529,""
530,""
